Source row ID,Exact keyword,Normalized concept,Review bucket,Seasonal term,Service term,Local modifier,Cost modifier,Residential modifier,Commercial modifier,Permanent-lighting marker,Product-or-DIY marker,Keyword,Currency,Avg. monthly searches,Three month change,YoY change,Competition,Competition (indexed value),Top of page bid (low range),Top of page bid (high range),Ad impression share,Organic impression share,Organic average position,In account?,In plan?,Searches: Sep 2024,Searches: Oct 2024,Searches: Nov 2024,Searches: Dec 2024,Searches: Jan 2025,Searches: Feb 2025,Searches: Mar 2025,Searches: Apr 2025,Searches: May 2025,Searches: Jun 2025,Searches: Jul 2025,Searches: Aug 2025,Searches: Sep 2025,Searches: Oct 2025,Searches: Nov 2025,Searches: Dec 2025,Searches: Jan 2026,Searches: Feb 2026,Searches: Mar 2026,Searches: Apr 2026,Searches: May 2026,Searches: Jun 2026,Searches: Jul 2026,Searches: Aug 2026
GKP-HL-0001,holiday light installation,holiday light installation,Candidate: seasonal service intent,Yes,Yes,No,No,No,No,No,No,holiday light installation,USD,500,0%,0%,Medium,54,4.18,16.87,,,,,,,,,,,,,,,,,,,,,,,,,,,,,
GKP-HL-0002,christmas light installation,christmas light installation,Candidate: seasonal service intent,Yes,Yes,No,No,No,No,No,No,christmas light installation,USD,500,0%,0%,Medium,35,2.52,8.88,,,,,,,,,,,,,,,,,,,,,,,,,,,,,
GKP-HL-0003,professional christmas light installation,professional christmas light installation,Candidate: seasonal service intent,Yes,Yes,No,No,No,No,No,No,professional christmas light installation,USD,50,0%,0%,Low,22,1.15,9.00,,,,,,,,,,,,,,,,,,,,,,,,,,,,,
GKP-HL-0004,residential holiday light installation,residential holiday light installation,Candidate: seasonal service intent,Yes,Yes,No,No,Yes,No,No,No,residential holiday light installation,USD,50,0%,-100%,Unknown,,,,,,,,,,,,,,,,,,,,,,,,,,,,,,,,
GKP-HL-0005,residential christmas light installation,residential christmas light installation,Candidate: seasonal service intent,Yes,Yes,No,No,Yes,No,No,No,residential christmas light installation,USD,50,∞,0%,Low,0,,,,,,,,,,,,,,,,,,,,,,,,,,,,,,,
GKP-HL-0006,commercial holiday light installation,commercial holiday light installation,Candidate: seasonal service intent,Yes,Yes,No,No,No,Yes,No,No,commercial holiday light installation,USD,50,-100%,0%,Unknown,,,,,,,,,,,,,,,,,,,,,,,,,,,,,,,,
GKP-HL-0007,holiday lighting company,holiday lighting company,Candidate: seasonal service intent,Yes,Yes,No,No,No,No,No,No,holiday lighting company,USD,50,0%,0%,Low,20,,,,,,,,,,,,,,,,,,,,,,,,,,,,,,,
GKP-HL-0008,holiday light hanging service,holiday light hanging service,Candidate: seasonal service intent,Yes,Yes,No,No,No,No,No,No,holiday light hanging service,USD,50,0%,0%,Unknown,,,,,,,,,,,,,,,,,,,,,,,,,,,,,,,,
GKP-HL-0009,christmas light hanging service,christmas light hanging service,Candidate: seasonal service intent,Yes,Yes,No,No,No,No,No,No,christmas light hanging service,USD,50,0%,0%,Low,6,,,,,,,,,,,,,,,,,,,,,,,,,,,,,,,
GKP-HL-0010,christmas lights installation near me,christmas lights installation near me,Candidate: seasonal service intent,Yes,Yes,Yes,No,No,No,No,No,christmas lights installation near me,USD,500,900%,0%,Medium,58,2.29,12.01,,,,,,,,,,,,,,,,,,,,,,,,,,,,,
GKP-HL-0011,commercial christmas lights,commercial christmas lights,Review: seasonal but ambiguous intent,Yes,No,No,No,No,Yes,No,No,commercial christmas lights,USD,500,0%,0%,High,100,1.17,3.55,,,,,,,,,,,,,,,,,,,,,,,,,,,,,
GKP-HL-0012,professional christmas lights,professional christmas lights,Candidate: seasonal service intent,Yes,Yes,No,No,No,No,No,No,professional christmas lights,USD,50,0%,0%,High,100,0.89,3.46,,,,,,,,,,,,,,,,,,,,,,,,,,,,,
GKP-HL-0013,hang christmas lights near me,hang christmas lights near me,Review: seasonal but ambiguous intent,Yes,No,Yes,No,No,No,No,No,hang christmas lights near me,USD,50,∞,0%,Low,29,,,,,,,,,,,,,,,,,,,,,,,,,,,,,,,
GKP-HL-0014,holiday lights installation near me,holiday lights installation near me,Candidate: seasonal service intent,Yes,Yes,Yes,No,No,No,No,No,holiday lights installation near me,USD,500,0%,0%,High,78,3.41,22.00,,,,,,,,,,,,,,,,,,,,,,,,,,,,,
GKP-HL-0015,christmas lights outdoor installation,christmas lights outdoor installation,Candidate: seasonal service intent,Yes,Yes,No,No,No,No,No,No,christmas lights outdoor installation,USD,50,0%,0%,Medium,43,,,,,,,,,,,,,,,,,,,,,,,,,,,,,,,
GKP-HL-0016,light installation,light installation,Review: adjacent nonseasonal service intent,No,Yes,No,No,No,No,No,No,light installation,USD,500,0%,-90%,Medium,36,10.31,52.00,,,,,,,,,,,,,,,,,,,,,,,,,,,,,
GKP-HL-0017,christmas light installation cost,christmas light installation cost,Candidate: seasonal service intent,Yes,Yes,No,Yes,No,No,No,No,christmas light installation cost,USD,500,0%,0%,Medium,43,1.17,4.68,,,,,,,,,,,,,,,,,,,,,,,,,,,,,
GKP-HL-0018,professional christmas lights installation near me,professional christmas lights installation near me,Candidate: seasonal service intent,Yes,Yes,Yes,No,No,No,No,No,professional christmas lights installation near me,USD,50,0%,0%,Medium,64,,,,,,,,,,,,,,,,,,,,,,,,,,,,,,,
GKP-HL-0019,custom christmas lights,custom christmas lights,Review: seasonal but ambiguous intent,Yes,No,No,No,No,No,No,No,custom christmas lights,USD,50,0%,0%,Medium,35,1.18,3.36,,,,,,,,,,,,,,,,,,,,,,,,,,,,,
GKP-HL-0020,holiday light installers near me,holiday light installers near me,Candidate: seasonal service intent,Yes,Yes,Yes,No,No,No,No,No,holiday light installers near me,USD,500,0%,0%,High,78,3.41,22.00,,,,,,,,,,,,,,,,,,,,,,,,,,,,,
GKP-HL-0021,lighting installation near me,lighting installation near me,Review: adjacent nonseasonal service intent,No,Yes,Yes,No,No,No,No,No,lighting installation near me,USD,50,0%,0%,Low,6,3.40,8.20,,,,,,,,,,,,,,,,,,,,,,,,,,,,,
GKP-HL-0022,christmas light services near me,christmas light services near me,Candidate: seasonal service intent,Yes,Yes,Yes,No,No,No,No,No,christmas light services near me,USD,50,0%,0%,High,79,,,,,,,,,,,,,,,,,,,,,,,,,,,,,,,
GKP-HL-0023,christmas lighting company,christmas lighting company,Candidate: seasonal service intent,Yes,Yes,No,No,No,No,No,No,christmas lighting company,USD,50,0%,0%,Medium,65,2.62,11.99,,,,,,,,,,,,,,,,,,,,,,,,,,,,,
GKP-HL-0024,christmas light hanging service near me,christmas light hanging service near me,Candidate: seasonal service intent,Yes,Yes,Yes,No,No,No,No,No,christmas light hanging service near me,USD,50,0%,0%,Unknown,,,,,,,,,,,,,,,,,,,,,,,,,,,,,,,,
GKP-HL-0025,christmas light service,christmas light service,Candidate: seasonal service intent,Yes,Yes,No,No,No,No,No,No,christmas light service,USD,50,0%,0%,Low,29,,,,,,,,,,,,,,,,,,,,,,,,,,,,,,,
GKP-HL-0026,companies that hang christmas lights near me,companies that hang christmas lights near me,Candidate: seasonal service intent,Yes,Yes,Yes,No,No,No,No,No,companies that hang christmas lights near me,USD,50,0%,0%,Unknown,,,,,,,,,,,,,,,,,,,,,,,,,,,,,,,,
GKP-HL-0027,pro christmas lights,pro christmas lights,Review: seasonal but ambiguous intent,Yes,No,No,No,No,No,No,No,pro christmas lights,USD,50,0%,∞,High,86,,,,,,,,,,,,,,,,,,,,,,,,,,,,,,,
GKP-HL-0028,dunhill fir christmas tree,dunhill fir christmas tree,Review: seasonal but ambiguous intent,Yes,No,No,No,No,No,No,No,dunhill fir christmas tree,USD,50,∞,∞,Medium,50,,,,,,,,,,,,,,,,,,,,,,,,,,,,,,,
GKP-HL-0029,christmas lights installed near me,christmas lights installed near me,Candidate: seasonal service intent,Yes,Yes,Yes,No,No,No,No,No,christmas lights installed near me,USD,50,∞,0%,High,100,,,,,,,,,,,,,,,,,,,,,,,,,,,,,,,
GKP-HL-0030,christmas light decorators near me,christmas light decorators near me,Candidate: seasonal service intent,Yes,Yes,Yes,No,No,No,No,No,christmas light decorators near me,USD,50,0%,0%,Medium,57,,,,,,,,,,,,,,,,,,,,,,,,,,,,,,,
GKP-HL-0031,best way to hang christmas lights,best way to hang christmas lights,Exclude or review: product/DIY intent,Yes,No,No,No,No,No,No,Yes,best way to hang christmas lights,USD,50,0%,0%,Unknown,,,,,,,,,,,,,,,,,,,,,,,,,,,,,,,,
GKP-HL-0032,christmas light company near me,christmas light company near me,Candidate: seasonal service intent,Yes,Yes,Yes,No,No,No,No,No,christmas light company near me,USD,50,0%,0%,High,88,3.58,15.64,,,,,,,,,,,,,,,,,,,,,,,,,,,,,
GKP-HL-0033,best christmas light installers near me,best christmas light installers near me,Candidate: seasonal service intent,Yes,Yes,Yes,No,No,No,No,No,best christmas light installers near me,USD,50,-100%,-100%,Unknown,,,,,,,,,,,,,,,,,,,,,,,,,,,,,,,,
GKP-HL-0034,outdoor christmas lights installation near me,outdoor christmas lights installation near me,Candidate: seasonal service intent,Yes,Yes,Yes,No,No,No,No,No,outdoor christmas lights installation near me,USD,50,∞,0%,High,74,1.77,8.53,,,,,,,,,,,,,,,,,,,,,,,,,,,,,
GKP-HL-0035,christmas light contractors,christmas light contractors,Review: seasonal but ambiguous intent,Yes,No,No,No,No,No,No,No,christmas light contractors,USD,50,0%,0%,Medium,38,0.76,3.73,,,,,,,,,,,,,,,,,,,,,,,,,,,,,
GKP-HL-0036,professional christmas light installation cost,professional christmas light installation cost,Candidate: seasonal service intent,Yes,Yes,No,Yes,No,No,No,No,professional christmas light installation cost,USD,50,0%,-100%,Unknown,,,,,,,,,,,,,,,,,,,,,,,,,,,,,,,,
GKP-HL-0037,xmas light installation,xmas light installation,Candidate: seasonal service intent,Yes,Yes,No,No,No,No,No,No,xmas light installation,USD,500,0%,0%,Medium,59,,,,,,,,,,,,,,,,,,,,,,,,,,,,,,,
GKP-HL-0038,handyman to hang christmas lights,handyman to hang christmas lights,Review: seasonal but ambiguous intent,Yes,No,No,No,No,No,No,No,handyman to hang christmas lights,USD,50,0%,-100%,Unknown,,,,,,,,,,,,,,,,,,,,,,,,,,,,,,,,
GKP-HL-0039,christmas light hanging,christmas light hanging,Review: seasonal but ambiguous intent,Yes,No,No,No,No,No,No,No,christmas light hanging,USD,500,0%,0%,High,100,,,,,,,,,,,,,,,,,,,,,,,,,,,,,,,
GKP-HL-0040,companies that put up christmas lights,companies that put up christmas lights,Candidate: seasonal service intent,Yes,Yes,No,No,No,No,No,No,companies that put up christmas lights,USD,50,-100%,-100%,Unknown,,,,,,,,,,,,,,,,,,,,,,,,,,,,,,,,
GKP-HL-0041,companies that hang christmas lights,companies that hang christmas lights,Candidate: seasonal service intent,Yes,Yes,No,No,No,No,No,No,companies that hang christmas lights,USD,50,0%,-100%,Unknown,,,,,,,,,,,,,,,,,,,,,,,,,,,,,,,,
GKP-HL-0042,the holiday light company,the holiday light company,Candidate: seasonal service intent,Yes,Yes,No,No,No,No,No,No,the holiday light company,USD,50,-100%,0%,Unknown,,,,,,,,,,,,,,,,,,,,,,,,,,,,,,,,
GKP-HL-0043,put up christmas lights near me,put up christmas lights near me,Candidate: seasonal service intent,Yes,Yes,Yes,No,No,No,No,No,put up christmas lights near me,USD,50,0%,-100%,Unknown,,,,,,,,,,,,,,,,,,,,,,,,,,,,,,,,
GKP-HL-0044,christmas light hangers near me,christmas light hangers near me,Review: seasonal but ambiguous intent,Yes,No,Yes,No,No,No,No,No,christmas light hangers near me,USD,50,0%,0%,Unknown,,,,,,,,,,,,,,,,,,,,,,,,,,,,,,,,
GKP-HL-0045,install christmas lights near me,install christmas lights near me,Candidate: seasonal service intent,Yes,Yes,Yes,No,No,No,No,No,install christmas lights near me,USD,50,0%,∞,High,79,,,,,,,,,,,,,,,,,,,,,,,,,,,,,,,
GKP-HL-0046,local christmas light installers,local christmas light installers,Candidate: seasonal service intent,Yes,Yes,Yes,No,No,No,No,No,local christmas light installers,USD,50,0%,0%,Unknown,,,,,,,,,,,,,,,,,,,,,,,,,,,,,,,,
GKP-HL-0047,xmas light installation near me,xmas light installation near me,Candidate: seasonal service intent,Yes,Yes,Yes,No,No,No,No,No,xmas light installation near me,USD,50,∞,0%,High,86,,,,,,,,,,,,,,,,,,,,,,,,,,,,,,,
GKP-HL-0048,install christmas lights for the holidays,install christmas lights for the holidays,Candidate: seasonal service intent,Yes,Yes,No,No,No,No,No,No,install christmas lights for the holidays,USD,50,0%,0%,Unknown,,,,,,,,,,,,,,,,,,,,,,,,,,,,,,,,
GKP-HL-0049,christmas light decorating service near me,christmas light decorating service near me,Candidate: seasonal service intent,Yes,Yes,Yes,No,No,No,No,No,christmas light decorating service near me,USD,50,∞,∞,High,71,,,,,,,,,,,,,,,,,,,,,,,,,,,,,,,
GKP-HL-0050,xmas lights installation near me,xmas lights installation near me,Candidate: seasonal service intent,Yes,Yes,Yes,No,No,No,No,No,xmas lights installation near me,USD,50,∞,∞,High,79,,,,,,,,,,,,,,,,,,,,,,,,,,,,,,,
GKP-HL-0051,house christmas lights installation,house christmas lights installation,Candidate: seasonal service intent,Yes,Yes,No,No,Yes,No,No,No,house christmas lights installation,USD,50,∞,0%,High,100,,,,,,,,,,,,,,,,,,,,,,,,,,,,,,,
GKP-HL-0052,put up christmas lights,put up christmas lights,Candidate: seasonal service intent,Yes,Yes,No,No,No,No,No,No,put up christmas lights,USD,500,0%,0%,Medium,33,,,,,,,,,,,,,,,,,,,,,,,,,,,,,,,
GKP-HL-0053,christmas light rental,christmas light rental,Review: seasonal but ambiguous intent,Yes,No,No,No,No,No,No,No,christmas light rental,USD,50,0%,-100%,Unknown,,,,,,,,,,,,,,,,,,,,,,,,,,,,,,,,
GKP-HL-0054,commercial xmas lights,commercial xmas lights,Review: seasonal but ambiguous intent,Yes,No,No,No,No,Yes,No,No,commercial xmas lights,USD,500,0%,0%,High,100,1.17,3.55,,,,,,,,,,,,,,,,,,,,,,,,,,,,,
GKP-HL-0055,hanging christmas lights on house,hanging christmas lights on house,Review: seasonal but ambiguous intent,Yes,No,No,No,No,No,No,No,hanging christmas lights on house,USD,50,-100%,-100%,Unknown,,,,,,,,,,,,,,,,,,,,,,,,,,,,,,,,
GKP-HL-0056,xmas light installers near me,xmas light installers near me,Candidate: seasonal service intent,Yes,Yes,Yes,No,No,No,No,No,xmas light installers near me,USD,50,∞,0%,High,86,,,,,,,,,,,,,,,,,,,,,,,,,,,,,,,
GKP-HL-0057,commercial christmas decor,commercial christmas decor,Review: seasonal but ambiguous intent,Yes,No,No,No,No,Yes,No,No,commercial christmas decor,USD,50,0%,0%,High,90,1.15,4.49,,,,,,,,,,,,,,,,,,,,,,,,,,,,,
GKP-HL-0058,someone to hang christmas lights near me,someone to hang christmas lights near me,Candidate: seasonal service intent,Yes,Yes,Yes,No,No,No,No,No,someone to hang christmas lights near me,USD,50,0%,0%,Unknown,,,,,,,,,,,,,,,,,,,,,,,,,,,,,,,,
GKP-HL-0059,residential christmas light installation near me,residential christmas light installation near me,Candidate: seasonal service intent,Yes,Yes,Yes,No,Yes,No,No,No,residential christmas light installation near me,USD,50,-100%,0%,Unknown,,,,,,,,,,,,,,,,,,,,,,,,,,,,,,,,
GKP-HL-0060,christmas lights install near me,christmas lights install near me,Candidate: seasonal service intent,Yes,Yes,Yes,No,No,No,No,No,christmas lights install near me,USD,50,-100%,0%,Unknown,,,,,,,,,,,,,,,,,,,,,,,,,,,,,,,,
GKP-HL-0061,home christmas lights installation,home christmas lights installation,Candidate: seasonal service intent,Yes,Yes,No,No,Yes,No,No,No,home christmas lights installation,USD,50,∞,∞,High,71,,,,,,,,,,,,,,,,,,,,,,,,,,,,,,,
GKP-HL-0062,permanent christmas lights installation near me,permanent christmas lights installation near me,Exclude or verify: permanent lighting,Yes,Yes,Yes,No,No,No,Yes,No,permanent christmas lights installation near me,USD,50,0%,0%,Medium,33,,,,,,,,,,,,,,,,,,,,,,,,,,,,,,,
GKP-HL-0063,hang my christmas lights,hang my christmas lights,Review: seasonal but ambiguous intent,Yes,No,No,No,No,No,No,No,hang my christmas lights,USD,50,0%,-100%,Unknown,,,,,,,,,,,,,,,,,,,,,,,,,,,,,,,,
GKP-HL-0064,someone to put up christmas lights near me,someone to put up christmas lights near me,Candidate: seasonal service intent,Yes,Yes,Yes,No,No,No,No,No,someone to put up christmas lights near me,USD,50,0%,0%,Unknown,,,,,,,,,,,,,,,,,,,,,,,,,,,,,,,,
GKP-HL-0065,christmas light set up service,christmas light set up service,Candidate: seasonal service intent,Yes,Yes,No,No,No,No,No,No,christmas light set up service,USD,50,0%,0%,Unknown,,,,,,,,,,,,,,,,,,,,,,,,,,,,,,,,
GKP-HL-0066,hanging christmas lights outdoor,hanging christmas lights outdoor,Review: seasonal but ambiguous intent,Yes,No,No,No,No,No,No,No,hanging christmas lights outdoor,USD,50,0%,0%,High,100,,,,,,,,,,,,,,,,,,,,,,,,,,,,,,,
GKP-HL-0067,holiday lighting companies near me,holiday lighting companies near me,Review: seasonal but ambiguous intent,Yes,No,Yes,No,No,No,No,No,holiday lighting companies near me,USD,50,∞,0%,Medium,50,,,,,,,,,,,,,,,,,,,,,,,,,,,,,,,
GKP-HL-0068,christmas light decorating service,christmas light decorating service,Candidate: seasonal service intent,Yes,Yes,No,No,No,No,No,No,christmas light decorating service,USD,50,0%,-100%,Unknown,,,,,,,,,,,,,,,,,,,,,,,,,,,,,,,,
GKP-HL-0069,hanging christmas lights near me,hanging christmas lights near me,Review: seasonal but ambiguous intent,Yes,No,Yes,No,No,No,No,No,hanging christmas lights near me,USD,50,∞,∞,High,86,,,,,,,,,,,,,,,,,,,,,,,,,,,,,,,
GKP-HL-0070,install christmas lights on roof,install christmas lights on roof,Candidate: seasonal service intent,Yes,Yes,No,No,Yes,No,No,No,install christmas lights on roof,USD,50,-100%,-100%,Unknown,,,,,,,,,,,,,,,,,,,,,,,,,,,,,,,,
GKP-HL-0071,xmas lights installers near me,xmas lights installers near me,Candidate: seasonal service intent,Yes,Yes,Yes,No,No,No,No,No,xmas lights installers near me,USD,50,-100%,0%,Unknown,,,,,,,,,,,,,,,,,,,,,,,,,,,,,,,,
GKP-HL-0072,christmas installation near me,christmas installation near me,Candidate: seasonal service intent,Yes,Yes,Yes,No,No,No,No,No,christmas installation near me,USD,50,∞,∞,High,100,,,,,,,,,,,,,,,,,,,,,,,,,,,,,,,
GKP-HL-0073,christmas lights installation company,christmas lights installation company,Candidate: seasonal service intent,Yes,Yes,No,No,No,No,No,No,christmas lights installation company,USD,50,0%,0%,Low,23,,,,,,,,,,,,,,,,,,,,,,,,,,,,,,,
GKP-HL-0074,christmas lights decorators near me,christmas lights decorators near me,Candidate: seasonal service intent,Yes,Yes,Yes,No,No,No,No,No,christmas lights decorators near me,USD,50,0%,0%,Unknown,,,,,,,,,,,,,,,,,,,,,,,,,,,,,,,,
GKP-HL-0075,christmas lights installation company near me,christmas lights installation company near me,Candidate: seasonal service intent,Yes,Yes,Yes,No,No,No,No,No,christmas lights installation company near me,USD,50,0%,0%,Unknown,,,,,,,,,,,,,,,,,,,,,,,,,,,,,,,,
GKP-HL-0076,christmas lights outdoor installation near me,christmas lights outdoor installation near me,Candidate: seasonal service intent,Yes,Yes,Yes,No,No,No,No,No,christmas lights outdoor installation near me,USD,50,-100%,-100%,Unknown,,,,,,,,,,,,,,,,,,,,,,,,,,,,,,,,
GKP-HL-0077,hang my christmas lights near me,hang my christmas lights near me,Review: seasonal but ambiguous intent,Yes,No,Yes,No,No,No,No,No,hang my christmas lights near me,USD,50,0%,-100%,Unknown,,,,,,,,,,,,,,,,,,,,,,,,,,,,,,,,
GKP-HL-0078,install holiday lights near me,install holiday lights near me,Candidate: seasonal service intent,Yes,Yes,Yes,No,No,No,No,No,install holiday lights near me,USD,500,0%,0%,High,78,3.41,22.00,,,,,,,,,,,,,,,,,,,,,,,,,,,,,
GKP-HL-0079,outdoor christmas lighting companies near me,outdoor christmas lighting companies near me,Review: seasonal but ambiguous intent,Yes,No,Yes,No,No,No,No,No,outdoor christmas lighting companies near me,USD,50,0%,0%,Unknown,,,,,,,,,,,,,,,,,,,,,,,,,,,,,,,,
GKP-HL-0080,companies that put up christmas lights near me,companies that put up christmas lights near me,Candidate: seasonal service intent,Yes,Yes,Yes,No,No,No,No,No,companies that put up christmas lights near me,USD,50,0%,-100%,Unknown,,,,,,,,,,,,,,,,,,,,,,,,,,,,,,,,
GKP-HL-0081,light hanging service,light hanging service,Review: adjacent nonseasonal service intent,No,Yes,No,No,No,No,No,No,light hanging service,USD,50,0%,0%,Unknown,,,,,,,,,,,,,,,,,,,,,,,,,,,,,,,,
GKP-HL-0082,commercial holiday lighting,commercial holiday lighting,Review: seasonal but ambiguous intent,Yes,No,No,No,No,Yes,No,No,commercial holiday lighting,USD,50,∞,0%,Medium,52,,,,,,,,,,,,,,,,,,,,,,,,,,,,,,,
GKP-HL-0083,christmas lights set up service near me,christmas lights set up service near me,Candidate: seasonal service intent,Yes,Yes,Yes,No,No,No,No,No,christmas lights set up service near me,USD,50,0%,0%,Unknown,,,,,,,,,,,,,,,,,,,,,,,,,,,,,,,,
GKP-HL-0084,cost to hang christmas lights,cost to hang christmas lights,Review: seasonal but ambiguous intent,Yes,No,No,Yes,No,No,No,No,cost to hang christmas lights,USD,50,0%,0%,Medium,36,,,,,,,,,,,,,,,,,,,,,,,,,,,,,,,
GKP-HL-0085,house christmas lights installation near me,house christmas lights installation near me,Candidate: seasonal service intent,Yes,Yes,Yes,No,Yes,No,No,No,house christmas lights installation near me,USD,50,0%,0%,Unknown,,,,,,,,,,,,,,,,,,,,,,,,,,,,,,,,
GKP-HL-0086,companies that install christmas lights near me,companies that install christmas lights near me,Candidate: seasonal service intent,Yes,Yes,Yes,No,No,No,No,No,companies that install christmas lights near me,USD,50,∞,∞,High,100,,,,,,,,,,,,,,,,,,,,,,,,,,,,,,,
GKP-HL-0087,christmas light rental and installation near me,christmas light rental and installation near me,Candidate: seasonal service intent,Yes,Yes,Yes,No,No,No,No,No,christmas light rental and installation near me,USD,50,0%,0%,Unknown,,,,,,,,,,,,,,,,,,,,,,,,,,,,,,,,
GKP-HL-0088,commercial christmas light displays,commercial christmas light displays,Review: seasonal but ambiguous intent,Yes,No,No,No,No,Yes,No,No,commercial christmas light displays,USD,50,0%,0%,Unknown,,,,,,,,,,,,,,,,,,,,,,,,,,,,,,,,
GKP-HL-0089,christmas decor company,christmas decor company,Candidate: seasonal service intent,Yes,Yes,No,No,No,No,No,No,christmas decor company,USD,500,0%,0%,High,74,1.24,14.82,,,,,,,,,,,,,,,,,,,,,,,,,,,,,
GKP-HL-0090,christmas tree light installers near me,christmas tree light installers near me,Candidate: seasonal service intent,Yes,Yes,Yes,No,No,No,No,No,christmas tree light installers near me,USD,50,∞,0%,High,93,2.51,4.87,,,,,,,,,,,,,,,,,,,,,,,,,,,,,
GKP-HL-0091,we hang christmas lights near me,we hang christmas lights near me,Review: seasonal but ambiguous intent,Yes,No,Yes,No,No,No,No,No,we hang christmas lights near me,USD,50,0%,-100%,Unknown,,,,,,,,,,,,,,,,,,,,,,,,,,,,,,,,
GKP-HL-0092,christmas tree light hanging service,christmas tree light hanging service,Candidate: seasonal service intent,Yes,Yes,No,No,No,No,No,No,christmas tree light hanging service,USD,50,0%,-100%,Unknown,,,,,,,,,,,,,,,,,,,,,,,,,,,,,,,,
GKP-HL-0093,christmas light hanging near me,christmas light hanging near me,Review: seasonal but ambiguous intent,Yes,No,Yes,No,No,No,No,No,christmas light hanging near me,USD,50,∞,0%,Low,29,,,,,,,,,,,,,,,,,,,,,,,,,,,,,,,
GKP-HL-0094,christmas lights hanging service near me,christmas lights hanging service near me,Candidate: seasonal service intent,Yes,Yes,Yes,No,No,No,No,No,christmas lights hanging service near me,USD,50,0%,0%,Unknown,,,,,,,,,,,,,,,,,,,,,,,,,,,,,,,,
GKP-HL-0095,christmas lights setup,christmas lights setup,Review: seasonal but ambiguous intent,Yes,No,No,No,No,No,No,No,christmas lights setup,USD,50,∞,0%,Low,14,,,,,,,,,,,,,,,,,,,,,,,,,,,,,,,
GKP-HL-0096,holiday lighting services near me,holiday lighting services near me,Candidate: seasonal service intent,Yes,Yes,Yes,No,No,No,No,No,holiday lighting services near me,USD,50,0%,0%,Unknown,,,,,,,,,,,,,,,,,,,,,,,,,,,,,,,,
GKP-HL-0097,festive lights limited,festive lights limited,Exclude or review: unrelated/ambiguous,No,No,No,No,No,No,No,No,festive lights limited,USD,50,0%,0%,Unknown,,,,,,,,,,,,,,,,,,,,,,,,,,,,,,,,
GKP-HL-0098,permanent christmas lighting,permanent christmas lighting,Exclude or verify: permanent lighting,Yes,No,No,No,No,No,Yes,No,permanent christmas lighting,USD,500,0%,-90%,High,100,1.08,10.51,,,,,,,,,,,,,,,,,,,,,,,,,,,,,
GKP-HL-0099,permanent christmas light installation,permanent christmas light installation,Exclude or verify: permanent lighting,Yes,Yes,No,No,No,No,Yes,No,permanent christmas light installation,USD,50,0%,0%,Low,24,,,,,,,,,,,,,,,,,,,,,,,,,,,,,,,
GKP-HL-0100,holiday light decorators,holiday light decorators,Candidate: seasonal service intent,Yes,Yes,No,No,No,No,No,No,holiday light decorators,USD,50,0%,0%,Unknown,,,,,,,,,,,,,,,,,,,,,,,,,,,,,,,,
GKP-HL-0101,professional xmas light installation,professional xmas light installation,Candidate: seasonal service intent,Yes,Yes,No,No,No,No,No,No,professional xmas light installation,USD,50,0%,0%,Low,22,1.15,9.00,,,,,,,,,,,,,,,,,,,,,,,,,,,,,
GKP-HL-0102,holiday light installation cost,holiday light installation cost,Candidate: seasonal service intent,Yes,Yes,No,Yes,No,No,No,No,holiday light installation cost,USD,500,0%,0%,Medium,43,1.17,4.68,,,,,,,,,,,,,,,,,,,,,,,,,,,,,
GKP-HL-0103,cost to have christmas lights hung,cost to have christmas lights hung,Review: seasonal but ambiguous intent,Yes,No,No,Yes,No,No,No,No,cost to have christmas lights hung,USD,50,-100%,0%,Unknown,,,,,,,,,,,,,,,,,,,,,,,,,,,,,,,,
GKP-HL-0104,xmas light installation service,xmas light installation service,Candidate: seasonal service intent,Yes,Yes,No,No,No,No,No,No,xmas light installation service,USD,50,0%,0%,Unknown,,,,,,,,,,,,,,,,,,,,,,,,,,,,,,,,
GKP-HL-0105,professional lights for christmas,professional lights for christmas,Candidate: seasonal service intent,Yes,Yes,No,No,No,No,No,No,professional lights for christmas,USD,50,0%,0%,Unknown,,,,,,,,,,,,,,,,,,,,,,,,,,,,,,,,
GKP-HL-0106,christmas lights installed on house,christmas lights installed on house,Candidate: seasonal service intent,Yes,Yes,No,No,No,No,No,No,christmas lights installed on house,USD,50,0%,0%,Unknown,,,,,,,,,,,,,,,,,,,,,,,,,,,,,,,,
GKP-HL-0107,light installation service,light installation service,Review: adjacent nonseasonal service intent,No,Yes,No,No,No,No,No,No,light installation service,USD,50,0%,0%,Low,0,,,,,,,,,,,,,,,,,,,,,,,,,,,,,,,
GKP-HL-0108,someone to hang christmas lights,someone to hang christmas lights,Candidate: seasonal service intent,Yes,Yes,No,No,No,No,No,No,someone to hang christmas lights,USD,50,0%,0%,Unknown,,,,,,,,,,,,,,,,,,,,,,,,,,,,,,,,
GKP-HL-0109,christmas decorations outdoor company,christmas decorations outdoor company,Candidate: seasonal service intent,Yes,Yes,No,No,No,No,No,No,christmas decorations outdoor company,USD,50,∞,∞,Medium,43,,,,,,,,,,,,,,,,,,,,,,,,,,,,,,,
GKP-HL-0110,install permanent christmas lights,install permanent christmas lights,Exclude or verify: permanent lighting,Yes,Yes,No,No,No,No,Yes,No,install permanent christmas lights,USD,50,∞,0%,High,100,2.50,35.80,,,,,,,,,,,,,,,,,,,,,,,,,,,,,
GKP-HL-0111,hanging christmas lights business,hanging christmas lights business,Review: seasonal but ambiguous intent,Yes,No,No,No,No,No,No,No,hanging christmas lights business,USD,50,-100%,0%,Unknown,,,,,,,,,,,,,,,,,,,,,,,,,,,,,,,,
GKP-HL-0112,xmas lights installation service near me,xmas lights installation service near me,Candidate: seasonal service intent,Yes,Yes,Yes,No,No,No,No,No,xmas lights installation service near me,USD,50,0%,0%,Unknown,,,,,,,,,,,,,,,,,,,,,,,,,,,,,,,,
GKP-HL-0113,professional holiday lights,professional holiday lights,Candidate: seasonal service intent,Yes,Yes,No,No,No,No,No,No,professional holiday lights,USD,50,0%,0%,Medium,66,,,,,,,,,,,,,,,,,,,,,,,,,,,,,,,
GKP-HL-0114,christmas decoration installers,christmas decoration installers,Candidate: seasonal service intent,Yes,Yes,No,No,No,No,No,No,christmas decoration installers,USD,50,0%,-100%,Unknown,,,,,,,,,,,,,,,,,,,,,,,,,,,,,,,,
GKP-HL-0115,christmas light decorating company near me,christmas light decorating company near me,Candidate: seasonal service intent,Yes,Yes,Yes,No,No,No,No,No,christmas light decorating company near me,USD,50,∞,0%,High,100,,,,,,,,,,,,,,,,,,,,,,,,,,,,,,,
GKP-HL-0116,outdoor christmas decorations installers near me,outdoor christmas decorations installers near me,Candidate: seasonal service intent,Yes,Yes,Yes,No,No,No,No,No,outdoor christmas decorations installers near me,USD,50,0%,0%,Unknown,,,,,,,,,,,,,,,,,,,,,,,,,,,,,,,,
GKP-HL-0117,handyman to put up christmas lights,handyman to put up christmas lights,Candidate: seasonal service intent,Yes,Yes,No,No,No,No,No,No,handyman to put up christmas lights,USD,50,∞,0%,High,86,,,,,,,,,,,,,,,,,,,,,,,,,,,,,,,
GKP-HL-0118,exterior christmas lights installation near me,exterior christmas lights installation near me,Candidate: seasonal service intent,Yes,Yes,Yes,No,No,No,No,No,exterior christmas lights installation near me,USD,50,∞,∞,High,71,,,,,,,,,,,,,,,,,,,,,,,,,,,,,,,
GKP-HL-0119,christmas lights home installation near me,christmas lights home installation near me,Candidate: seasonal service intent,Yes,Yes,Yes,No,Yes,No,No,No,christmas lights home installation near me,USD,50,0%,0%,Unknown,,,,,,,,,,,,,,,,,,,,,,,,,,,,,,,,
GKP-HL-0120,christmas house lights installation near me,christmas house lights installation near me,Candidate: seasonal service intent,Yes,Yes,Yes,No,Yes,No,No,No,christmas house lights installation near me,USD,50,0%,0%,Unknown,,,,,,,,,,,,,,,,,,,,,,,,,,,,,,,,
GKP-HL-0121,christmas decorations installation near me,christmas decorations installation near me,Candidate: seasonal service intent,Yes,Yes,Yes,No,No,No,No,No,christmas decorations installation near me,USD,50,0%,-100%,Unknown,,,,,,,,,,,,,,,,,,,,,,,,,,,,,,,,
GKP-HL-0122,christmas tree light installation,christmas tree light installation,Candidate: seasonal service intent,Yes,Yes,No,No,No,No,No,No,christmas tree light installation,USD,50,-100%,-100%,Unknown,,,,,,,,,,,,,,,,,,,,,,,,,,,,,,,,
GKP-HL-0123,professional christmas lights near me,professional christmas lights near me,Candidate: seasonal service intent,Yes,Yes,Yes,No,No,No,No,No,professional christmas lights near me,USD,50,∞,0%,High,100,,,,,,,,,,,,,,,,,,,,,,,,,,,,,,,
GKP-HL-0124,christmas house lighting service near me,christmas house lighting service near me,Candidate: seasonal service intent,Yes,Yes,Yes,No,Yes,No,No,No,christmas house lighting service near me,USD,50,-100%,-100%,Unknown,,,,,,,,,,,,,,,,,,,,,,,,,,,,,,,,
GKP-HL-0125,christmas tree light service near me,christmas tree light service near me,Candidate: seasonal service intent,Yes,Yes,Yes,No,No,No,No,No,christmas tree light service near me,USD,50,∞,0%,High,71,,,,,,,,,,,,,,,,,,,,,,,,,,,,,,,
GKP-HL-0126,permanent lighting near me,permanent lighting near me,Exclude or verify: permanent lighting,No,No,Yes,No,No,No,Yes,No,permanent lighting near me,USD,50,0%,0%,High,70,3.51,8.29,,,,,,,,,,,,,,,,,,,,,,,,,,,,,
GKP-HL-0127,tree lighting service near me,tree lighting service near me,Review: adjacent nonseasonal service intent,No,Yes,Yes,No,No,No,No,No,tree lighting service near me,USD,50,0%,0%,Unknown,,,,,,,,,,,,,,,,,,,,,,,,,,,,,,,,
GKP-HL-0128,christmas light set up service near me,christmas light set up service near me,Candidate: seasonal service intent,Yes,Yes,Yes,No,No,No,No,No,christmas light set up service near me,USD,50,0%,0%,Unknown,,,,,,,,,,,,,,,,,,,,,,,,,,,,,,,,
GKP-HL-0129,christmas lights decorators,christmas lights decorators,Candidate: seasonal service intent,Yes,Yes,No,No,No,No,No,No,christmas lights decorators,USD,50,∞,0%,High,71,,,,,,,,,,,,,,,,,,,,,,,,,,,,,,,
GKP-HL-0130,christmas light installation service near me,christmas light installation service near me,Candidate: seasonal service intent,Yes,Yes,Yes,No,No,No,No,No,christmas light installation service near me,USD,50,0%,0%,Unknown,,,,,,,,,,,,,,,,,,,,,,,,,,,,,,,,
GKP-HL-0131,average cost to put up christmas lights,average cost to put up christmas lights,Candidate: seasonal service intent,Yes,Yes,No,Yes,No,No,No,No,average cost to put up christmas lights,USD,50,0%,0%,Unknown,,,,,,,,,,,,,,,,,,,,,,,,,,,,,,,,
GKP-HL-0132,someone to put up christmas lights,someone to put up christmas lights,Candidate: seasonal service intent,Yes,Yes,No,No,No,No,No,No,someone to put up christmas lights,USD,50,0%,0%,Unknown,,,,,,,,,,,,,,,,,,,,,,,,,,,,,,,,
GKP-HL-0133,outdoor christmas light decorating services near me,outdoor christmas light decorating services near me,Candidate: seasonal service intent,Yes,Yes,Yes,No,No,No,No,No,outdoor christmas light decorating services near me,USD,50,0%,0%,Unknown,,,,,,,,,,,,,,,,,,,,,,,,,,,,,,,,
GKP-HL-0134,9 ft dunhill fir christmas tree,9 ft dunhill fir christmas tree,Review: seasonal but ambiguous intent,Yes,No,No,No,No,No,No,No,9 ft dunhill fir christmas tree,USD,50,0%,0%,Unknown,,,,,,,,,,,,,,,,,,,,,,,,,,,,,,,,
GKP-HL-0135,christmas lights put up near me,christmas lights put up near me,Candidate: seasonal service intent,Yes,Yes,Yes,No,No,No,No,No,christmas lights put up near me,USD,50,0%,0%,Unknown,,,,,,,,,,,,,,,,,,,,,,,,,,,,,,,,
GKP-HL-0136,commercial christmas light installation,commercial christmas light installation,Candidate: seasonal service intent,Yes,Yes,No,No,No,Yes,No,No,commercial christmas light installation,USD,50,∞,∞,Low,0,,,,,,,,,,,,,,,,,,,,,,,,,,,,,,,
GKP-HL-0137,holiday light decorators near me,holiday light decorators near me,Candidate: seasonal service intent,Yes,Yes,Yes,No,No,No,No,No,holiday light decorators near me,USD,50,0%,0%,Unknown,,,,,,,,,,,,,,,,,,,,,,,,,,,,,,,,
GKP-HL-0138,christmas light service cost,christmas light service cost,Candidate: seasonal service intent,Yes,Yes,No,Yes,No,No,No,No,christmas light service cost,USD,50,0%,0%,Unknown,,,,,,,,,,,,,,,,,,,,,,,,,,,,,,,,
GKP-HL-0139,christmas light rental installation cost,christmas light rental installation cost,Candidate: seasonal service intent,Yes,Yes,No,Yes,No,No,No,No,christmas light rental installation cost,USD,0,0%,0%,Unknown,,,,,,,,,,,,,,,,,,,,,,,,,,,,,,,,
GKP-HL-0140,best commercial christmas lights,best commercial christmas lights,Review: seasonal but ambiguous intent,Yes,No,No,No,No,Yes,No,No,best commercial christmas lights,USD,50,0%,0%,Unknown,,,,,,,,,,,,,,,,,,,,,,,,,,,,,,,,
GKP-HL-0141,christmas light design,christmas light design,Review: seasonal but ambiguous intent,Yes,No,No,No,No,No,No,No,christmas light design,USD,50,∞,0%,Low,0,,,,,,,,,,,,,,,,,,,,,,,,,,,,,,,
GKP-HL-0142,lighting installation companies,lighting installation companies,Review: adjacent nonseasonal service intent,No,Yes,No,No,No,No,No,No,lighting installation companies,USD,50,0%,0%,Low,0,,,,,,,,,,,,,,,,,,,,,,,,,,,,,,,
GKP-HL-0143,outdoor holiday lights installation,outdoor holiday lights installation,Candidate: seasonal service intent,Yes,Yes,No,No,No,No,No,No,outdoor holiday lights installation,USD,50,0%,0%,Medium,43,,,,,,,,,,,,,,,,,,,,,,,,,,,,,,,
GKP-HL-0144,christmas lights on house company,christmas lights on house company,Candidate: seasonal service intent,Yes,Yes,No,No,Yes,No,No,No,christmas lights on house company,USD,50,0%,0%,Unknown,,,,,,,,,,,,,,,,,,,,,,,,,,,,,,,,
GKP-HL-0145,hanging christmas lights with gutter guards,hanging christmas lights with gutter guards,Review: seasonal but ambiguous intent,Yes,No,No,No,Yes,No,No,No,hanging christmas lights with gutter guards,USD,50,0%,∞,High,100,,,,,,,,,,,,,,,,,,,,,,,,,,,,,,,
GKP-HL-0146,christmas light business,christmas light business,Review: seasonal but ambiguous intent,Yes,No,No,No,No,No,No,No,christmas light business,USD,50,-100%,-100%,Unknown,,,,,,,,,,,,,,,,,,,,,,,,,,,,,,,,
GKP-HL-0147,walmart christmas light installation,walmart christmas light installation,Exclude or review: product/DIY intent,Yes,Yes,No,No,No,No,No,Yes,walmart christmas light installation,USD,50,0%,0%,Unknown,,,,,,,,,,,,,,,,,,,,,,,,,,,,,,,,
GKP-HL-0148,tree lighting company,tree lighting company,Review: adjacent nonseasonal service intent,No,Yes,No,No,No,No,No,No,tree lighting company,USD,50,0%,0%,Unknown,,,,,,,,,,,,,,,,,,,,,,,,,,,,,,,,
GKP-HL-0149,christmas light decorations installation,christmas light decorations installation,Candidate: seasonal service intent,Yes,Yes,No,No,No,No,No,No,christmas light decorations installation,USD,50,0%,∞,High,100,,,,,,,,,,,,,,,,,,,,,,,,,,,,,,,
GKP-HL-0150,dunhill fir christmas tree 10 ft,dunhill fir christmas tree 10 ft,Review: seasonal but ambiguous intent,Yes,No,No,No,No,No,No,No,dunhill fir christmas tree 10 ft,USD,50,0%,0%,Unknown,,,,,,,,,,,,,,,,,,,,,,,,,,,,,,,,
GKP-HL-0151,christmas outdoor lighting companies near me,christmas outdoor lighting companies near me,Review: seasonal but ambiguous intent,Yes,No,Yes,No,No,No,No,No,christmas outdoor lighting companies near me,USD,50,0%,0%,Unknown,,,,,,,,,,,,,,,,,,,,,,,,,,,,,,,,
GKP-HL-0152,custom christmas light installation near me,custom christmas light installation near me,Candidate: seasonal service intent,Yes,Yes,Yes,No,No,No,No,No,custom christmas light installation near me,USD,50,0%,0%,Unknown,,,,,,,,,,,,,,,,,,,,,,,,,,,,,,,,
GKP-HL-0153,christmas light decorating company,christmas light decorating company,Candidate: seasonal service intent,Yes,Yes,No,No,No,No,No,No,christmas light decorating company,USD,50,∞,0%,High,100,,,,,,,,,,,,,,,,,,,,,,,,,,,,,,,
GKP-HL-0154,dunhill fir pre lit christmas tree,dunhill fir pre lit christmas tree,Exclude or review: product/DIY intent,Yes,No,No,No,No,No,No,Yes,dunhill fir pre lit christmas tree,USD,50,0%,-100%,Unknown,,,,,,,,,,,,,,,,,,,,,,,,,,,,,,,,
GKP-HL-0155,easy way to hang christmas lights,easy way to hang christmas lights,Review: seasonal but ambiguous intent,Yes,No,No,No,No,No,No,No,easy way to hang christmas lights,USD,50,∞,∞,High,100,,,,,,,,,,,,,,,,,,,,,,,,,,,,,,,
GKP-HL-0156,we put up christmas lights,we put up christmas lights,Candidate: seasonal service intent,Yes,Yes,No,No,No,No,No,No,we put up christmas lights,USD,50,0%,-100%,Unknown,,,,,,,,,,,,,,,,,,,,,,,,,,,,,,,,
GKP-HL-0157,professional christmas light hangers,professional christmas light hangers,Candidate: seasonal service intent,Yes,Yes,No,No,No,No,No,No,professional christmas light hangers,USD,50,-100%,-100%,Unknown,,,,,,,,,,,,,,,,,,,,,,,,,,,,,,,,
GKP-HL-0158,christmas outdoor light installation near me,christmas outdoor light installation near me,Candidate: seasonal service intent,Yes,Yes,Yes,No,No,No,No,No,christmas outdoor light installation near me,USD,50,0%,-100%,Unknown,,,,,,,,,,,,,,,,,,,,,,,,,,,,,,,,
GKP-HL-0159,holiday lights hanging service near me,holiday lights hanging service near me,Candidate: seasonal service intent,Yes,Yes,Yes,No,No,No,No,No,holiday lights hanging service near me,USD,50,0%,0%,Unknown,,,,,,,,,,,,,,,,,,,,,,,,,,,,,,,,
GKP-HL-0160,christmas light installation business,christmas light installation business,Candidate: seasonal service intent,Yes,Yes,No,No,No,No,No,No,christmas light installation business,USD,50,∞,0%,Low,19,,,,,,,,,,,,,,,,,,,,,,,,,,,,,,,
GKP-HL-0161,holiday house lighting service,holiday house lighting service,Candidate: seasonal service intent,Yes,Yes,No,No,Yes,No,No,No,holiday house lighting service,USD,50,0%,-100%,Unknown,,,,,,,,,,,,,,,,,,,,,,,,,,,,,,,,
GKP-HL-0162,christmas light rental installation near me,christmas light rental installation near me,Candidate: seasonal service intent,Yes,Yes,Yes,No,No,No,No,No,christmas light rental installation near me,USD,50,0%,0%,Unknown,,,,,,,,,,,,,,,,,,,,,,,,,,,,,,,,
GKP-HL-0163,residential holiday lighting service,residential holiday lighting service,Candidate: seasonal service intent,Yes,Yes,No,No,Yes,No,No,No,residential holiday lighting service,USD,50,0%,0%,Unknown,,,,,,,,,,,,,,,,,,,,,,,,,,,,,,,,
GKP-HL-0164,holiday christmas lights installation near me,holiday christmas lights installation near me,Candidate: seasonal service intent,Yes,Yes,Yes,No,No,No,No,No,holiday christmas lights installation near me,USD,50,0%,0%,Unknown,,,,,,,,,,,,,,,,,,,,,,,,,,,,,,,,
GKP-HL-0165,cheap christmas light installation near me,cheap christmas light installation near me,Candidate: seasonal service intent,Yes,Yes,Yes,No,No,No,No,No,cheap christmas light installation near me,USD,50,0%,0%,Unknown,,,,,,,,,,,,,,,,,,,,,,,,,,,,,,,,
GKP-HL-0166,cheap christmas light installation,cheap christmas light installation,Candidate: seasonal service intent,Yes,Yes,No,No,No,No,No,No,cheap christmas light installation,USD,50,∞,0%,Low,0,,,,,,,,,,,,,,,,,,,,,,,,,,,,,,,
GKP-HL-0167,christmas decoration installers near me,christmas decoration installers near me,Candidate: seasonal service intent,Yes,Yes,Yes,No,No,No,No,No,christmas decoration installers near me,USD,50,0%,-100%,Unknown,,,,,,,,,,,,,,,,,,,,,,,,,,,,,,,,
GKP-HL-0168,christmas light rental and installation,christmas light rental and installation,Candidate: seasonal service intent,Yes,Yes,No,No,No,No,No,No,christmas light rental and installation,USD,50,-100%,-100%,Unknown,,,,,,,,,,,,,,,,,,,,,,,,,,,,,,,,
GKP-HL-0169,companies that hang outdoor christmas lights,companies that hang outdoor christmas lights,Candidate: seasonal service intent,Yes,Yes,No,No,No,No,No,No,companies that hang outdoor christmas lights,USD,50,0%,0%,Unknown,,,,,,,,,,,,,,,,,,,,,,,,,,,,,,,,
GKP-HL-0170,get christmas lights installed,get christmas lights installed,Candidate: seasonal service intent,Yes,Yes,No,No,No,No,No,No,get christmas lights installed,USD,50,0%,0%,Unknown,,,,,,,,,,,,,,,,,,,,,,,,,,,,,,,,
GKP-HL-0171,outdoor holiday lighting companies near me,outdoor holiday lighting companies near me,Review: seasonal but ambiguous intent,Yes,No,Yes,No,No,No,No,No,outdoor holiday lighting companies near me,USD,50,0%,0%,Unknown,,,,,,,,,,,,,,,,,,,,,,,,,,,,,,,,
GKP-HL-0172,company to hang christmas lights near me,company to hang christmas lights near me,Candidate: seasonal service intent,Yes,Yes,Yes,No,No,No,No,No,company to hang christmas lights near me,USD,50,∞,∞,High,71,,,,,,,,,,,,,,,,,,,,,,,,,,,,,,,
GKP-HL-0173,christmas lights rental and installation near me,christmas lights rental and installation near me,Candidate: seasonal service intent,Yes,Yes,Yes,No,No,No,No,No,christmas lights rental and installation near me,USD,50,0%,0%,Unknown,,,,,,,,,,,,,,,,,,,,,,,,,,,,,,,,
GKP-HL-0174,christmas lights installation service,christmas lights installation service,Candidate: seasonal service intent,Yes,Yes,No,No,No,No,No,No,christmas lights installation service,USD,500,0%,0%,Low,2,,,,,,,,,,,,,,,,,,,,,,,,,,,,,,,
GKP-HL-0175,christmas lights installed on my house,christmas lights installed on my house,Candidate: seasonal service intent,Yes,Yes,No,No,No,No,No,No,christmas lights installed on my house,USD,50,0%,0%,Unknown,,,,,,,,,,,,,,,,,,,,,,,,,,,,,,,,
GKP-HL-0176,holiday light company near me,holiday light company near me,Candidate: seasonal service intent,Yes,Yes,Yes,No,No,No,No,No,holiday light company near me,USD,50,∞,0%,Medium,50,,,,,,,,,,,,,,,,,,,,,,,,,,,,,,,
GKP-HL-0177,christmas tree lights installation near me,christmas tree lights installation near me,Candidate: seasonal service intent,Yes,Yes,Yes,No,No,No,No,No,christmas tree lights installation near me,USD,50,∞,0%,High,93,2.51,4.87,,,,,,,,,,,,,,,,,,,,,,,,,,,,,
GKP-HL-0178,christmas lights decorating service near me,christmas lights decorating service near me,Candidate: seasonal service intent,Yes,Yes,Yes,No,No,No,No,No,christmas lights decorating service near me,USD,50,∞,∞,High,71,,,,,,,,,,,,,,,,,,,,,,,,,,,,,,,
GKP-HL-0179,nordic spruce artificial christmas tree,nordic spruce artificial christmas tree,Review: seasonal but ambiguous intent,Yes,No,No,No,No,No,No,No,nordic spruce artificial christmas tree,USD,50,0%,0%,Unknown,,,,,,,,,,,,,,,,,,,,,,,,,,,,,,,,
GKP-HL-0180,xmas light hanging service,xmas light hanging service,Candidate: seasonal service intent,Yes,Yes,No,No,No,No,No,No,xmas light hanging service,USD,50,0%,0%,Low,6,,,,,,,,,,,,,,,,,,,,,,,,,,,,,,,
GKP-HL-0181,we install christmas lights,we install christmas lights,Candidate: seasonal service intent,Yes,Yes,No,No,No,No,No,No,we install christmas lights,USD,50,-100%,0%,Unknown,,,,,,,,,,,,,,,,,,,,,,,,,,,,,,,,
GKP-HL-0182,10 ft dunhill fir christmas tree,10 ft dunhill fir christmas tree,Review: seasonal but ambiguous intent,Yes,No,No,No,No,No,No,No,10 ft dunhill fir christmas tree,USD,50,0%,0%,Unknown,,,,,,,,,,,,,,,,,,,,,,,,,,,,,,,,
GKP-HL-0183,12 ft dunhill fir incandescent christmas tree,12 ft dunhill fir incandescent christmas tree,Review: seasonal but ambiguous intent,Yes,No,No,No,No,No,No,No,12 ft dunhill fir incandescent christmas tree,USD,0,0%,0%,Unknown,,,,,,,,,,,,,,,,,,,,,,,,,,,,,,,,
GKP-HL-0184,company that decorates house for christmas,company that decorates house for christmas,Candidate: seasonal service intent,Yes,Yes,No,No,Yes,No,No,No,company that decorates house for christmas,USD,50,0%,-100%,Unknown,,,,,,,,,,,,,,,,,,,,,,,,,,,,,,,,
GKP-HL-0185,outdoor christmas lights company,outdoor christmas lights company,Candidate: seasonal service intent,Yes,Yes,No,No,No,No,No,No,outdoor christmas lights company,USD,50,0%,-100%,Unknown,,,,,,,,,,,,,,,,,,,,,,,,,,,,,,,,
GKP-HL-0186,affordable christmas light installation,affordable christmas light installation,Candidate: seasonal service intent,Yes,Yes,No,No,No,No,No,No,affordable christmas light installation,USD,50,∞,0%,Low,0,,,,,,,,,,,,,,,,,,,,,,,,,,,,,,,
GKP-HL-0187,install christmas lights professionally cost,install christmas lights professionally cost,Candidate: seasonal service intent,Yes,Yes,No,Yes,No,No,No,No,install christmas lights professionally cost,USD,50,0%,-100%,Unknown,,,,,,,,,,,,,,,,,,,,,,,,,,,,,,,,
GKP-HL-0188,dunhill fir christmas tree 9ft,dunhill fir christmas tree 9ft,Review: seasonal but ambiguous intent,Yes,No,No,No,No,No,No,No,dunhill fir christmas tree 9ft,USD,50,0%,-100%,Unknown,,,,,,,,,,,,,,,,,,,,,,,,,,,,,,,,
GKP-HL-0189,outdoor professional christmas lights,outdoor professional christmas lights,Candidate: seasonal service intent,Yes,Yes,No,No,No,No,No,No,outdoor professional christmas lights,USD,50,0%,-100%,Unknown,,,,,,,,,,,,,,,,,,,,,,,,,,,,,,,,
GKP-HL-0190,roof christmas lights installation,roof christmas lights installation,Candidate: seasonal service intent,Yes,Yes,No,No,Yes,No,No,No,roof christmas lights installation,USD,50,-100%,-100%,Unknown,,,,,,,,,,,,,,,,,,,,,,,,,,,,,,,,
GKP-HL-0191,exterior christmas light installation,exterior christmas light installation,Candidate: seasonal service intent,Yes,Yes,No,No,No,No,No,No,exterior christmas light installation,USD,50,0%,0%,Medium,43,,,,,,,,,,,,,,,,,,,,,,,,,,,,,,,
GKP-HL-0192,cost to put up christmas lights,cost to put up christmas lights,Candidate: seasonal service intent,Yes,Yes,No,Yes,No,No,No,No,cost to put up christmas lights,USD,50,0%,-100%,Unknown,,,,,,,,,,,,,,,,,,,,,,,,,,,,,,,,
GKP-HL-0193,christmas light house installation,christmas light house installation,Candidate: seasonal service intent,Yes,Yes,No,No,Yes,No,No,No,christmas light house installation,USD,50,0%,0%,Unknown,,,,,,,,,,,,,,,,,,,,,,,,,,,,,,,,
GKP-HL-0194,cost of permanent christmas lights,cost of permanent christmas lights,Exclude or verify: permanent lighting,Yes,No,No,Yes,No,No,Yes,No,cost of permanent christmas lights,USD,50,∞,∞,Medium,36,,,,,,,,,,,,,,,,,,,,,,,,,,,,,,,
GKP-HL-0195,permanent holiday light installation,permanent holiday light installation,Exclude or verify: permanent lighting,Yes,Yes,No,No,No,No,Yes,No,permanent holiday light installation,USD,50,0%,0%,Low,0,,,,,,,,,,,,,,,,,,,,,,,,,,,,,,,
GKP-HL-0196,holiday light hanging,holiday light hanging,Review: seasonal but ambiguous intent,Yes,No,No,No,No,No,No,No,holiday light hanging,USD,50,0%,-100%,Unknown,,,,,,,,,,,,,,,,,,,,,,,,,,,,,,,,
GKP-HL-0197,light installation service near me,light installation service near me,Review: adjacent nonseasonal service intent,No,Yes,Yes,No,No,No,No,No,light installation service near me,USD,50,0%,-100%,Unknown,,,,,,,,,,,,,,,,,,,,,,,,,,,,,,,,
GKP-HL-0198,put up my christmas lights,put up my christmas lights,Candidate: seasonal service intent,Yes,Yes,No,No,No,No,No,No,put up my christmas lights,USD,50,0%,-100%,Unknown,,,,,,,,,,,,,,,,,,,,,,,,,,,,,,,,
GKP-HL-0199,install xmas lights near me,install xmas lights near me,Candidate: seasonal service intent,Yes,Yes,Yes,No,No,No,No,No,install xmas lights near me,USD,50,0%,0%,Unknown,,,,,,,,,,,,,,,,,,,,,,,,,,,,,,,,
GKP-HL-0200,christmas lights hung near me,christmas lights hung near me,Review: seasonal but ambiguous intent,Yes,No,Yes,No,No,No,No,No,christmas lights hung near me,USD,50,∞,0%,Low,29,,,,,,,,,,,,,,,,,,,,,,,,,,,,,,,
GKP-HL-0201,easy install christmas lights,easy install christmas lights,Candidate: seasonal service intent,Yes,Yes,No,No,No,No,No,No,easy install christmas lights,USD,50,0%,-100%,Unknown,,,,,,,,,,,,,,,,,,,,,,,,,,,,,,,,
GKP-HL-0202,christmas lights installation price,christmas lights installation price,Candidate: seasonal service intent,Yes,Yes,No,Yes,No,No,No,No,christmas lights installation price,USD,500,0%,0%,Medium,43,1.17,4.68,,,,,,,,,,,,,,,,,,,,,,,,,,,,,
GKP-HL-0203,christmas lights installation near me prices,christmas lights installation near me prices,Candidate: seasonal service intent,Yes,Yes,Yes,Yes,No,No,No,No,christmas lights installation near me prices,USD,50,0%,0%,Unknown,,,,,,,,,,,,,,,,,,,,,,,,,,,,,,,,
GKP-HL-0204,christmas lights outdoor hanging service,christmas lights outdoor hanging service,Candidate: seasonal service intent,Yes,Yes,No,No,No,No,No,No,christmas lights outdoor hanging service,USD,50,0%,0%,Unknown,,,,,,,,,,,,,,,,,,,,,,,,,,,,,,,,
GKP-HL-0205,christmas lights hanging near me,christmas lights hanging near me,Review: seasonal but ambiguous intent,Yes,No,Yes,No,No,No,No,No,christmas lights hanging near me,USD,50,0%,-100%,Unknown,,,,,,,,,,,,,,,,,,,,,,,,,,,,,,,,
GKP-HL-0206,average cost of christmas light installation,average cost of christmas light installation,Candidate: seasonal service intent,Yes,Yes,No,Yes,No,No,No,No,average cost of christmas light installation,USD,50,0%,-100%,Unknown,,,,,,,,,,,,,,,,,,,,,,,,,,,,,,,,
GKP-HL-0207,holiday light service,holiday light service,Candidate: seasonal service intent,Yes,Yes,No,No,No,No,No,No,holiday light service,USD,50,0%,0%,Low,0,,,,,,,,,,,,,,,,,,,,,,,,,,,,,,,
GKP-HL-0208,service to put up christmas lights,service to put up christmas lights,Candidate: seasonal service intent,Yes,Yes,No,No,No,No,No,No,service to put up christmas lights,USD,50,0%,0%,Unknown,,,,,,,,,,,,,,,,,,,,,,,,,,,,,,,,
GKP-HL-0209,christmas tree lighting service,christmas tree lighting service,Candidate: seasonal service intent,Yes,Yes,No,No,No,No,No,No,christmas tree lighting service,USD,50,0%,0%,Unknown,,,,,,,,,,,,,,,,,,,,,,,,,,,,,,,,
GKP-HL-0210,lights installed on house,lights installed on house,Review: adjacent nonseasonal service intent,No,Yes,No,No,No,No,No,No,lights installed on house,USD,50,0%,-100%,Unknown,,,,,,,,,,,,,,,,,,,,,,,,,,,,,,,,
GKP-HL-0211,outdoor christmas light service near me,outdoor christmas light service near me,Candidate: seasonal service intent,Yes,Yes,Yes,No,No,No,No,No,outdoor christmas light service near me,USD,50,0%,0%,Unknown,,,,,,,,,,,,,,,,,,,,,,,,,,,,,,,,
GKP-HL-0212,christmas lite company,christmas lite company,Candidate: seasonal service intent,Yes,Yes,No,No,No,No,No,No,christmas lite company,USD,50,0%,0%,High,100,,,,,,,,,,,,,,,,,,,,,,,,,,,,,,,
GKP-HL-0213,install outdoor christmas lights near me,install outdoor christmas lights near me,Candidate: seasonal service intent,Yes,Yes,Yes,No,No,No,No,No,install outdoor christmas lights near me,USD,50,0%,0%,Unknown,,,,,,,,,,,,,,,,,,,,,,,,,,,,,,,,
GKP-HL-0214,local christmas lights installation,local christmas lights installation,Candidate: seasonal service intent,Yes,Yes,Yes,No,No,No,No,No,local christmas lights installation,USD,50,0%,0%,Unknown,,,,,,,,,,,,,,,,,,,,,,,,,,,,,,,,
GKP-HL-0215,professional tree lighting service,professional tree lighting service,Review: adjacent nonseasonal service intent,No,Yes,No,No,No,No,No,No,professional tree lighting service,USD,50,-100%,-100%,Unknown,,,,,,,,,,,,,,,,,,,,,,,,,,,,,,,,
GKP-HL-0216,christmas house lights company,christmas house lights company,Candidate: seasonal service intent,Yes,Yes,No,No,Yes,No,No,No,christmas house lights company,USD,50,0%,0%,Unknown,,,,,,,,,,,,,,,,,,,,,,,,,,,,,,,,
GKP-HL-0217,outdoor christmas lights service,outdoor christmas lights service,Candidate: seasonal service intent,Yes,Yes,No,No,No,No,No,No,outdoor christmas lights service,USD,50,0%,-100%,Unknown,,,,,,,,,,,,,,,,,,,,,,,,,,,,,,,,
GKP-HL-0218,easy hang christmas lights,easy hang christmas lights,Review: seasonal but ambiguous intent,Yes,No,No,No,No,No,No,No,easy hang christmas lights,USD,50,∞,0%,Low,0,,,,,,,,,,,,,,,,,,,,,,,,,,,,,,,
GKP-HL-0219,christmas light contractors usa,christmas light contractors usa,Review: seasonal but ambiguous intent,Yes,No,No,No,No,No,No,No,christmas light contractors usa,USD,50,0%,∞,Medium,50,,,,,,,,,,,,,,,,,,,,,,,,,,,,,,,
GKP-HL-0220,local companies that hang christmas lights,local companies that hang christmas lights,Candidate: seasonal service intent,Yes,Yes,Yes,No,No,No,No,No,local companies that hang christmas lights,USD,50,0%,0%,Unknown,,,,,,,,,,,,,,,,,,,,,,,,,,,,,,,,
GKP-HL-0221,christmas decorations outdoor installers,christmas decorations outdoor installers,Candidate: seasonal service intent,Yes,Yes,No,No,No,No,No,No,christmas decorations outdoor installers,USD,50,0%,0%,Unknown,,,,,,,,,,,,,,,,,,,,,,,,,,,,,,,,
GKP-HL-0222,exterior holiday lighting installation,exterior holiday lighting installation,Candidate: seasonal service intent,Yes,Yes,No,No,No,No,No,No,exterior holiday lighting installation,USD,50,0%,0%,Unknown,,,,,,,,,,,,,,,,,,,,,,,,,,,,,,,,
GKP-HL-0223,home holiday lighting installation,home holiday lighting installation,Candidate: seasonal service intent,Yes,Yes,No,No,Yes,No,No,No,home holiday lighting installation,USD,50,0%,0%,Unknown,,,,,,,,,,,,,,,,,,,,,,,,,,,,,,,,
GKP-HL-0224,get lit christmas light installation,get lit christmas light installation,Candidate: seasonal service intent,Yes,Yes,No,No,No,No,No,No,get lit christmas light installation,USD,50,0%,0%,Unknown,,,,,,,,,,,,,,,,,,,,,,,,,,,,,,,,
GKP-HL-0225,professional holiday light installation,professional holiday light installation,Candidate: seasonal service intent,Yes,Yes,No,No,No,No,No,No,professional holiday light installation,USD,50,0%,0%,Low,22,1.15,9.00,,,,,,,,,,,,,,,,,,,,,,,,,,,,,
GKP-HL-0226,we hang holiday lights,we hang holiday lights,Review: seasonal but ambiguous intent,Yes,No,No,No,No,No,No,No,we hang holiday lights,USD,50,0%,0%,Low,10,,,,,,,,,,,,,,,,,,,,,,,,,,,,,,,
GKP-HL-0227,professional light installation,professional light installation,Review: adjacent nonseasonal service intent,No,Yes,No,No,No,No,No,No,professional light installation,USD,50,0%,0%,High,100,,,,,,,,,,,,,,,,,,,,,,,,,,,,,,,
GKP-HL-0228,outdoor christmas light hanging company,outdoor christmas light hanging company,Candidate: seasonal service intent,Yes,Yes,No,No,No,No,No,No,outdoor christmas light hanging company,USD,50,0%,0%,Unknown,,,,,,,,,,,,,,,,,,,,,,,,,,,,,,,,
GKP-HL-0229,i need someone to put up my christmas lights,i need someone to put up my christmas lights,Candidate: seasonal service intent,Yes,Yes,No,No,No,No,No,No,i need someone to put up my christmas lights,USD,50,0%,0%,Unknown,,,,,,,,,,,,,,,,,,,,,,,,,,,,,,,,
GKP-HL-0230,7.5 dunhill fir christmas tree,7.5 dunhill fir christmas tree,Review: seasonal but ambiguous intent,Yes,No,No,No,No,No,No,No,7.5 dunhill fir christmas tree,USD,50,0%,0%,Unknown,,,,,,,,,,,,,,,,,,,,,,,,,,,,,,,,
GKP-HL-0231,christmas light hanging company near me,christmas light hanging company near me,Candidate: seasonal service intent,Yes,Yes,Yes,No,No,No,No,No,christmas light hanging company near me,USD,50,0%,0%,Unknown,,,,,,,,,,,,,,,,,,,,,,,,,,,,,,,,
GKP-HL-0232,holiday lights decorating service,holiday lights decorating service,Candidate: seasonal service intent,Yes,Yes,No,No,No,No,No,No,holiday lights decorating service,USD,50,∞,0%,Low,14,,,,,,,,,,,,,,,,,,,,,,,,,,,,,,,
GKP-HL-0233,light installation christmas,light installation christmas,Candidate: seasonal service intent,Yes,Yes,No,No,No,No,No,No,light installation christmas,USD,50,0%,0%,Unknown,,,,,,,,,,,,,,,,,,,,,,,,,,,,,,,,
GKP-HL-0234,christmas light professionals near me,christmas light professionals near me,Candidate: seasonal service intent,Yes,Yes,Yes,No,No,No,No,No,christmas light professionals near me,USD,50,0%,0%,Unknown,,,,,,,,,,,,,,,,,,,,,,,,,,,,,,,,
GKP-HL-0235,permanently installed christmas lights,permanently installed christmas lights,Exclude or verify: permanent lighting,Yes,Yes,No,No,No,No,Yes,No,permanently installed christmas lights,USD,50,0%,0%,Low,24,,,,,,,,,,,,,,,,,,,,,,,,,,,,,,,
GKP-HL-0236,christmas decorations installation services near me,christmas decorations installation services near me,Candidate: seasonal service intent,Yes,Yes,Yes,No,No,No,No,No,christmas decorations installation services near me,USD,50,0%,0%,Unknown,,,,,,,,,,,,,,,,,,,,,,,,,,,,,,,,
GKP-HL-0237,holiday light decorating services near me,holiday light decorating services near me,Candidate: seasonal service intent,Yes,Yes,Yes,No,No,No,No,No,holiday light decorating services near me,USD,50,-100%,0%,Unknown,,,,,,,,,,,,,,,,,,,,,,,,,,,,,,,,
GKP-HL-0238,professional outdoor christmas light installation,professional outdoor christmas light installation,Candidate: seasonal service intent,Yes,Yes,No,No,No,No,No,No,professional outdoor christmas light installation,USD,50,0%,0%,Unknown,,,,,,,,,,,,,,,,,,,,,,,,,,,,,,,,
GKP-HL-0239,dunhill fir christmas tree 7ft,dunhill fir christmas tree 7ft,Review: seasonal but ambiguous intent,Yes,No,No,No,No,No,No,No,dunhill fir christmas tree 7ft,USD,50,0%,0%,Unknown,,,,,,,,,,,,,,,,,,,,,,,,,,,,,,,,
GKP-HL-0240,company to put up christmas lights near me,company to put up christmas lights near me,Candidate: seasonal service intent,Yes,Yes,Yes,No,No,No,No,No,company to put up christmas lights near me,USD,50,0%,0%,Unknown,,,,,,,,,,,,,,,,,,,,,,,,,,,,,,,,
GKP-HL-0241,outdoor holiday lighting installation near me,outdoor holiday lighting installation near me,Candidate: seasonal service intent,Yes,Yes,Yes,No,No,No,No,No,outdoor holiday lighting installation near me,USD,50,-100%,0%,Unknown,,,,,,,,,,,,,,,,,,,,,,,,,,,,,,,,
GKP-HL-0242,residential holiday light installation near me,residential holiday light installation near me,Candidate: seasonal service intent,Yes,Yes,Yes,No,Yes,No,No,No,residential holiday light installation near me,USD,50,0%,-100%,Unknown,,,,,,,,,,,,,,,,,,,,,,,,,,,,,,,,
GKP-HL-0243,best way to hang christmas lights on gutters,best way to hang christmas lights on gutters,Exclude or review: product/DIY intent,Yes,No,No,No,Yes,No,No,Yes,best way to hang christmas lights on gutters,USD,50,0%,0%,Unknown,,,,,,,,,,,,,,,,,,,,,,,,,,,,,,,,
GKP-HL-0244,christmas decorating service near me,christmas decorating service near me,Candidate: seasonal service intent,Yes,Yes,Yes,No,No,No,No,No,christmas decorating service near me,USD,50,0%,-100%,Unknown,,,,,,,,,,,,,,,,,,,,,,,,,,,,,,,,
GKP-HL-0245,permanent light installation,permanent light installation,Exclude or verify: permanent lighting,No,Yes,No,No,No,No,Yes,No,permanent light installation,USD,50,0%,0%,Medium,54,5.25,22.78,,,,,,,,,,,,,,,,,,,,,,,,,,,,,
GKP-HL-0246,12 dunhill fir christmas tree,12 dunhill fir christmas tree,Review: seasonal but ambiguous intent,Yes,No,No,No,No,No,No,No,12 dunhill fir christmas tree,USD,50,0%,0%,Unknown,,,,,,,,,,,,,,,,,,,,,,,,,,,,,,,,
GKP-HL-0247,tree light installation near me,tree light installation near me,Review: adjacent nonseasonal service intent,No,Yes,Yes,No,No,No,No,No,tree light installation near me,USD,50,0%,-100%,Unknown,,,,,,,,,,,,,,,,,,,,,,,,,,,,,,,,
GKP-HL-0248,hang up christmas lights,hang up christmas lights,Review: seasonal but ambiguous intent,Yes,No,No,No,No,No,No,No,hang up christmas lights,USD,50,0%,0%,Unknown,,,,,,,,,,,,,,,,,,,,,,,,,,,,,,,,
GKP-HL-0249,outdoor christmas light installation cost,outdoor christmas light installation cost,Candidate: seasonal service intent,Yes,Yes,No,Yes,No,No,No,No,outdoor christmas light installation cost,USD,50,0%,-100%,Unknown,,,,,,,,,,,,,,,,,,,,,,,,,,,,,,,,
GKP-HL-0250,house lights installation,house lights installation,Review: adjacent nonseasonal service intent,No,Yes,No,No,Yes,No,No,No,house lights installation,USD,50,0%,∞,High,81,,,,,,,,,,,,,,,,,,,,,,,,,,,,,,,
GKP-HL-0251,someone to put christmas lights up,someone to put christmas lights up,Candidate: seasonal service intent,Yes,Yes,No,No,No,No,No,No,someone to put christmas lights up,USD,50,0%,0%,Unknown,,,,,,,,,,,,,,,,,,,,,,,,,,,,,,,,
GKP-HL-0252,put up christmas lights service near me,put up christmas lights service near me,Candidate: seasonal service intent,Yes,Yes,Yes,No,No,No,No,No,put up christmas lights service near me,USD,50,0%,0%,Unknown,,,,,,,,,,,,,,,,,,,,,,,,,,,,,,,,
GKP-HL-0253,dunhill fir artificial christmas tree,dunhill fir artificial christmas tree,Review: seasonal but ambiguous intent,Yes,No,No,No,No,No,No,No,dunhill fir artificial christmas tree,USD,50,∞,0%,Low,0,,,,,,,,,,,,,,,,,,,,,,,,,,,,,,,
GKP-HL-0254,christmas light installation broken arrow,christmas light installation broken arrow,Candidate: seasonal service intent,Yes,Yes,No,No,No,No,No,No,christmas light installation broken arrow,USD,0,0%,0%,Unknown,,,,,,,,,,,,,,,,,,,,,,,,,,,,,,,,
GKP-HL-0255,pro christmas brand lights,pro christmas brand lights,Review: seasonal but ambiguous intent,Yes,No,No,No,No,No,No,No,pro christmas brand lights,USD,50,∞,∞,Medium,57,,,,,,,,,,,,,,,,,,,,,,,,,,,,,,,
GKP-HL-0256,installation of christmas lights near me,installation of christmas lights near me,Candidate: seasonal service intent,Yes,Yes,Yes,No,No,No,No,No,installation of christmas lights near me,USD,50,0%,-100%,Unknown,,,,,,,,,,,,,,,,,,,,,,,,,,,,,,,,
GKP-HL-0257,christmas lights put up company near me,christmas lights put up company near me,Candidate: seasonal service intent,Yes,Yes,Yes,No,No,No,No,No,christmas lights put up company near me,USD,50,0%,∞,Low,0,,,,,,,,,,,,,,,,,,,,,,,,,,,,,,,
GKP-HL-0258,christmas lights decoration company near me,christmas lights decoration company near me,Candidate: seasonal service intent,Yes,Yes,Yes,No,No,No,No,No,christmas lights decoration company near me,USD,50,∞,0%,High,100,,,,,,,,,,,,,,,,,,,,,,,,,,,,,,,
GKP-HL-0259,company that hangs christmas lights near me,company that hangs christmas lights near me,Candidate: seasonal service intent,Yes,Yes,Yes,No,No,No,No,No,company that hangs christmas lights near me,USD,50,0%,0%,Unknown,,,,,,,,,,,,,,,,,,,,,,,,,,,,,,,,
GKP-HL-0260,residential christmas light installation cost,residential christmas light installation cost,Candidate: seasonal service intent,Yes,Yes,No,Yes,Yes,No,No,No,residential christmas light installation cost,USD,50,0%,0%,Unknown,,,,,,,,,,,,,,,,,,,,,,,,,,,,,,,,
GKP-HL-0261,install my christmas lights,install my christmas lights,Candidate: seasonal service intent,Yes,Yes,No,No,No,No,No,No,install my christmas lights,USD,50,0%,0%,Unknown,,,,,,,,,,,,,,,,,,,,,,,,,,,,,,,,
GKP-HL-0262,service to hang christmas lights,service to hang christmas lights,Candidate: seasonal service intent,Yes,Yes,No,No,No,No,No,No,service to hang christmas lights,USD,50,0%,-100%,Unknown,,,,,,,,,,,,,,,,,,,,,,,,,,,,,,,,
GKP-HL-0263,professional holiday light installation near me,professional holiday light installation near me,Candidate: seasonal service intent,Yes,Yes,Yes,No,No,No,No,No,professional holiday light installation near me,USD,50,0%,0%,Unknown,,,,,,,,,,,,,,,,,,,,,,,,,,,,,,,,
GKP-HL-0264,outdoor christmas light decorating company,outdoor christmas light decorating company,Candidate: seasonal service intent,Yes,Yes,No,No,No,No,No,No,outdoor christmas light decorating company,USD,50,0%,0%,Unknown,,,,,,,,,,,,,,,,,,,,,,,,,,,,,,,,
GKP-HL-0265,best way to put up christmas lights,best way to put up christmas lights,Exclude or review: product/DIY intent,Yes,Yes,No,No,No,No,No,Yes,best way to put up christmas lights,USD,50,0%,0%,Unknown,,,,,,,,,,,,,,,,,,,,,,,,,,,,,,,,
GKP-HL-0266,christmas lights hung professionally near me,christmas lights hung professionally near me,Candidate: seasonal service intent,Yes,Yes,Yes,No,No,No,No,No,christmas lights hung professionally near me,USD,50,0%,0%,Unknown,,,,,,,,,,,,,,,,,,,,,,,,,,,,,,,,
GKP-HL-0267,christmas light rental installation,christmas light rental installation,Candidate: seasonal service intent,Yes,Yes,No,No,No,No,No,No,christmas light rental installation,USD,0,0%,0%,Unknown,,,,,,,,,,,,,,,,,,,,,,,,,,,,,,,,
GKP-HL-0268,holiday lighting contractors,holiday lighting contractors,Review: seasonal but ambiguous intent,Yes,No,No,No,No,No,No,No,holiday lighting contractors,USD,50,0%,0%,Low,20,,,,,,,,,,,,,,,,,,,,,,,,,,,,,,,
GKP-HL-0269,holiday light services near me,holiday light services near me,Candidate: seasonal service intent,Yes,Yes,Yes,No,No,No,No,No,holiday light services near me,USD,50,-100%,0%,Unknown,,,,,,,,,,,,,,,,,,,,,,,,,,,,,,,,
GKP-HL-0270,cost for professional christmas light installation,cost for professional christmas light installation,Candidate: seasonal service intent,Yes,Yes,No,Yes,No,No,No,No,cost for professional christmas light installation,USD,50,0%,-100%,Unknown,,,,,,,,,,,,,,,,,,,,,,,,,,,,,,,,
GKP-HL-0271,putting up christmas lights on house,putting up christmas lights on house,Review: seasonal but ambiguous intent,Yes,No,No,No,No,No,No,No,putting up christmas lights on house,USD,50,∞,∞,High,100,,,,,,,,,,,,,,,,,,,,,,,,,,,,,,,
GKP-HL-0272,christmas light contractors near me,christmas light contractors near me,Review: seasonal but ambiguous intent,Yes,No,Yes,No,No,No,No,No,christmas light contractors near me,USD,50,0%,0%,Unknown,,,,,,,,,,,,,,,,,,,,,,,,,,,,,,,,
GKP-HL-0273,the christmas light guys,the christmas light guys,Review: seasonal but ambiguous intent,Yes,No,No,No,No,No,No,No,the christmas light guys,USD,50,0%,0%,Low,0,,,,,,,,,,,,,,,,,,,,,,,,,,,,,,,
GKP-HL-0274,christmas lights setup near me,christmas lights setup near me,Review: seasonal but ambiguous intent,Yes,No,Yes,No,No,No,No,No,christmas lights setup near me,USD,50,0%,-100%,Unknown,,,,,,,,,,,,,,,,,,,,,,,,,,,,,,,,
GKP-HL-0275,christmas light installation residential,christmas light installation residential,Candidate: seasonal service intent,Yes,Yes,No,No,Yes,No,No,No,christmas light installation residential,USD,50,0%,0%,Unknown,,,,,,,,,,,,,,,,,,,,,,,,,,,,,,,,
GKP-HL-0276,home light installation near me,home light installation near me,Review: adjacent nonseasonal service intent,No,Yes,Yes,No,Yes,No,No,No,home light installation near me,USD,50,0%,0%,Unknown,,,,,,,,,,,,,,,,,,,,,,,,,,,,,,,,
GKP-HL-0277,professional christmas decoration installers,professional christmas decoration installers,Candidate: seasonal service intent,Yes,Yes,No,No,No,No,No,No,professional christmas decoration installers,USD,50,0%,0%,Unknown,,,,,,,,,,,,,,,,,,,,,,,,,,,,,,,,
GKP-HL-0278,looking for someone to hang christmas lights,looking for someone to hang christmas lights,Candidate: seasonal service intent,Yes,Yes,No,No,No,No,No,No,looking for someone to hang christmas lights,USD,50,0%,0%,Unknown,,,,,,,,,,,,,,,,,,,,,,,,,,,,,,,,
GKP-HL-0279,christmas light installers in my area,christmas light installers in my area,Candidate: seasonal service intent,Yes,Yes,No,No,No,No,No,No,christmas light installers in my area,USD,50,0%,0%,Unknown,,,,,,,,,,,,,,,,,,,,,,,,,,,,,,,,
GKP-HL-0280,companies that install outdoor christmas lights,companies that install outdoor christmas lights,Candidate: seasonal service intent,Yes,Yes,No,No,No,No,No,No,companies that install outdoor christmas lights,USD,50,0%,0%,Unknown,,,,,,,,,,,,,,,,,,,,,,,,,,,,,,,,
GKP-HL-0281,best way to hang christmas lights on house,best way to hang christmas lights on house,Exclude or review: product/DIY intent,Yes,No,No,No,No,No,No,Yes,best way to hang christmas lights on house,USD,50,0%,0%,Unknown,,,,,,,,,,,,,,,,,,,,,,,,,,,,,,,,
GKP-HL-0282,installation of outdoor christmas lights,installation of outdoor christmas lights,Candidate: seasonal service intent,Yes,Yes,No,No,No,No,No,No,installation of outdoor christmas lights,USD,50,0%,0%,Unknown,,,,,,,,,,,,,,,,,,,,,,,,,,,,,,,,
GKP-HL-0283,xmas light installation service near me,xmas light installation service near me,Candidate: seasonal service intent,Yes,Yes,Yes,No,No,No,No,No,xmas light installation service near me,USD,50,0%,0%,Unknown,,,,,,,,,,,,,,,,,,,,,,,,,,,,,,,,
GKP-HL-0284,christmas lights outdoor company,christmas lights outdoor company,Candidate: seasonal service intent,Yes,Yes,No,No,No,No,No,No,christmas lights outdoor company,USD,50,0%,-100%,Unknown,,,,,,,,,,,,,,,,,,,,,,,,,,,,,,,,
GKP-HL-0285,gutter light installation,gutter light installation,Review: adjacent nonseasonal service intent,No,Yes,No,No,Yes,No,No,No,gutter light installation,USD,50,0%,0%,Unknown,,,,,,,,,,,,,,,,,,,,,,,,,,,,,,,,
GKP-HL-0286,exterior christmas light installation near me,exterior christmas light installation near me,Candidate: seasonal service intent,Yes,Yes,Yes,No,No,No,No,No,exterior christmas light installation near me,USD,50,∞,∞,High,71,,,,,,,,,,,,,,,,,,,,,,,,,,,,,,,
GKP-HL-0287,cost of professional christmas lights,cost of professional christmas lights,Candidate: seasonal service intent,Yes,Yes,No,Yes,No,No,No,No,cost of professional christmas lights,USD,50,0%,0%,Unknown,,,,,,,,,,,,,,,,,,,,,,,,,,,,,,,,
GKP-HL-0288,commercial christmas lights near me,commercial christmas lights near me,Review: seasonal but ambiguous intent,Yes,No,Yes,No,No,Yes,No,No,commercial christmas lights near me,USD,50,∞,∞,High,100,,,,,,,,,,,,,,,,,,,,,,,,,,,,,,,
GKP-HL-0289,house christmas decorating service,house christmas decorating service,Candidate: seasonal service intent,Yes,Yes,No,No,Yes,No,No,No,house christmas decorating service,USD,50,0%,0%,Unknown,,,,,,,,,,,,,,,,,,,,,,,,,,,,,,,,
GKP-HL-0290,home christmas lighting service,home christmas lighting service,Candidate: seasonal service intent,Yes,Yes,No,No,Yes,No,No,No,home christmas lighting service,USD,50,0%,0%,Unknown,,,,,,,,,,,,,,,,,,,,,,,,,,,,,,,,
GKP-HL-0291,landscaping companies that install christmas lights,landscaping companies that install christmas lights,Candidate: seasonal service intent,Yes,Yes,No,No,No,No,No,No,landscaping companies that install christmas lights,USD,50,0%,0%,Unknown,,,,,,,,,,,,,,,,,,,,,,,,,,,,,,,,
GKP-HL-0292,christmas light house decorators,christmas light house decorators,Candidate: seasonal service intent,Yes,Yes,No,No,Yes,No,No,No,christmas light house decorators,USD,50,0%,0%,Unknown,,,,,,,,,,,,,,,,,,,,,,,,,,,,,,,,
GKP-HL-0293,light hanging service near me,light hanging service near me,Review: adjacent nonseasonal service intent,No,Yes,Yes,No,No,No,No,No,light hanging service near me,USD,50,0%,0%,Unknown,,,,,,,,,,,,,,,,,,,,,,,,,,,,,,,,
GKP-HL-0294,custom christmas lights for house,custom christmas lights for house,Review: seasonal but ambiguous intent,Yes,No,No,No,No,No,No,No,custom christmas lights for house,USD,50,0%,-100%,Unknown,,,,,,,,,,,,,,,,,,,,,,,,,,,,,,,,
GKP-HL-0295,cost to have christmas lights installed,cost to have christmas lights installed,Candidate: seasonal service intent,Yes,Yes,No,Yes,No,No,No,No,cost to have christmas lights installed,USD,50,∞,∞,Low,29,,,,,,,,,,,,,,,,,,,,,,,,,,,,,,,
GKP-HL-0296,christmas light display companies,christmas light display companies,Review: seasonal but ambiguous intent,Yes,No,No,No,No,No,No,No,christmas light display companies,USD,50,0%,0%,Unknown,,,,,,,,,,,,,,,,,,,,,,,,,,,,,,,,
GKP-HL-0297,service hanging christmas lights,service hanging christmas lights,Candidate: seasonal service intent,Yes,Yes,No,No,No,No,No,No,service hanging christmas lights,USD,50,0%,0%,Unknown,,,,,,,,,,,,,,,,,,,,,,,,,,,,,,,,
GKP-HL-0298,christmas lights on house installation,christmas lights on house installation,Candidate: seasonal service intent,Yes,Yes,No,No,Yes,No,No,No,christmas lights on house installation,USD,50,0%,-100%,Unknown,,,,,,,,,,,,,,,,,,,,,,,,,,,,,,,,
GKP-HL-0299,christmas lights outdoor installation cost,christmas lights outdoor installation cost,Candidate: seasonal service intent,Yes,Yes,No,Yes,No,No,No,No,christmas lights outdoor installation cost,USD,50,0%,0%,Unknown,,,,,,,,,,,,,,,,,,,,,,,,,,,,,,,,
GKP-HL-0300,holiday lights installed near me,holiday lights installed near me,Candidate: seasonal service intent,Yes,Yes,Yes,No,No,No,No,No,holiday lights installed near me,USD,500,0%,0%,High,78,3.41,22.00,,,,,,,,,,,,,,,,,,,,,,,,,,,,,
GKP-HL-0301,led christmas light installation,led christmas light installation,Candidate: seasonal service intent,Yes,Yes,No,No,No,No,No,No,led christmas light installation,USD,50,∞,∞,Low,0,,,,,,,,,,,,,,,,,,,,,,,,,,,,,,,
GKP-HL-0302,outdoor holiday lighting services,outdoor holiday lighting services,Candidate: seasonal service intent,Yes,Yes,No,No,No,No,No,No,outdoor holiday lighting services,USD,50,0%,-100%,Unknown,,,,,,,,,,,,,,,,,,,,,,,,,,,,,,,,
GKP-HL-0303,christmas light co,christmas light co,Review: seasonal but ambiguous intent,Yes,No,No,No,No,No,No,No,christmas light co,USD,50,0%,0%,Medium,65,2.62,11.99,,,,,,,,,,,,,,,,,,,,,,,,,,,,,
GKP-HL-0304,outdoor christmas tree light installers near me,outdoor christmas tree light installers near me,Candidate: seasonal service intent,Yes,Yes,Yes,No,No,No,No,No,outdoor christmas tree light installers near me,USD,50,0%,0%,Unknown,,,,,,,,,,,,,,,,,,,,,,,,,,,,,,,,
GKP-HL-0305,gutter cleaning and christmas lights,gutter cleaning and christmas lights,Review: seasonal but ambiguous intent,Yes,No,No,No,Yes,No,No,No,gutter cleaning and christmas lights,USD,50,0%,0%,Unknown,,,,,,,,,,,,,,,,,,,,,,,,,,,,,,,,
GKP-HL-0306,need someone to put up christmas lights,need someone to put up christmas lights,Candidate: seasonal service intent,Yes,Yes,No,No,No,No,No,No,need someone to put up christmas lights,USD,50,0%,0%,Unknown,,,,,,,,,,,,,,,,,,,,,,,,,,,,,,,,
GKP-HL-0307,house light decoration service,house light decoration service,Review: adjacent nonseasonal service intent,No,Yes,No,No,Yes,No,No,No,house light decoration service,USD,50,0%,-100%,Unknown,,,,,,,,,,,,,,,,,,,,,,,,,,,,,,,,
GKP-HL-0308,custom christmas lights near me,custom christmas lights near me,Review: seasonal but ambiguous intent,Yes,No,Yes,No,No,No,No,No,custom christmas lights near me,USD,50,-100%,-100%,Unknown,,,,,,,,,,,,,,,,,,,,,,,,,,,,,,,,
GKP-HL-0309,abc christmas light installation,abc christmas light installation,Candidate: seasonal service intent,Yes,Yes,No,No,No,No,No,No,abc christmas light installation,USD,, --, --,Unknown,,,,,,,,,,,,,,,,,,,,,,,,,,,,,,,,
GKP-HL-0310,nwa christmas light installation,nwa christmas light installation,Candidate: seasonal service intent,Yes,Yes,No,No,No,No,No,No,nwa christmas light installation,USD,0,0%,0%,Unknown,,,,,,,,,,,,,,,,,,,,,,,,,,,,,,,,
GKP-HL-0311,christmas lights hanging company near me,christmas lights hanging company near me,Candidate: seasonal service intent,Yes,Yes,Yes,No,No,No,No,No,christmas lights hanging company near me,USD,50,0%,0%,Unknown,,,,,,,,,,,,,,,,,,,,,,,,,,,,,,,,
GKP-HL-0312,home depot christmas light installation,home depot christmas light installation,Exclude or review: product/DIY intent,Yes,Yes,No,No,Yes,No,No,Yes,home depot christmas light installation,USD,50,0%,∞,Low,0,,,,,,,,,,,,,,,,,,,,,,,,,,,,,,,
GKP-HL-0313,professional house christmas lights,professional house christmas lights,Candidate: seasonal service intent,Yes,Yes,No,No,Yes,No,No,No,professional house christmas lights,USD,50,0%,0%,Unknown,,,,,,,,,,,,,,,,,,,,,,,,,,,,,,,,
GKP-HL-0314,christmas lights hung,christmas lights hung,Review: seasonal but ambiguous intent,Yes,No,No,No,No,No,No,No,christmas lights hung,USD,50,0%,0%,Unknown,,,,,,,,,,,,,,,,,,,,,,,,,,,,,,,,
GKP-HL-0315,professional xmas light decorators,professional xmas light decorators,Candidate: seasonal service intent,Yes,Yes,No,No,No,No,No,No,professional xmas light decorators,USD,0,0%,0%,Unknown,,,,,,,,,,,,,,,,,,,,,,,,,,,,,,,,
GKP-HL-0316,the holiday light company cost,the holiday light company cost,Candidate: seasonal service intent,Yes,Yes,No,Yes,No,No,No,No,the holiday light company cost,USD,0,0%,0%,Unknown,,,,,,,,,,,,,,,,,,,,,,,,,,,,,,,,
GKP-HL-0317,christmas lights for commercial buildings,christmas lights for commercial buildings,Review: seasonal but ambiguous intent,Yes,No,No,No,No,Yes,No,No,christmas lights for commercial buildings,USD,50,0%,0%,Unknown,,,,,,,,,,,,,,,,,,,,,,,,,,,,,,,,
GKP-HL-0318,christmas lights outdoor service,christmas lights outdoor service,Candidate: seasonal service intent,Yes,Yes,No,No,No,No,No,No,christmas lights outdoor service,USD,50,0%,0%,Unknown,,,,,,,,,,,,,,,,,,,,,,,,,,,,,,,,
GKP-HL-0319,home christmas light installation near me,home christmas light installation near me,Candidate: seasonal service intent,Yes,Yes,Yes,No,Yes,No,No,No,home christmas light installation near me,USD,50,0%,0%,Unknown,,,,,,,,,,,,,,,,,,,,,,,,,,,,,,,,
GKP-HL-0320,commercial quality christmas lights,commercial quality christmas lights,Review: seasonal but ambiguous intent,Yes,No,No,No,No,Yes,No,No,commercial quality christmas lights,USD,50,0%,0%,Unknown,,,,,,,,,,,,,,,,,,,,,,,,,,,,,,,,
GKP-HL-0321,christmas lights pro,christmas lights pro,Review: seasonal but ambiguous intent,Yes,No,No,No,No,No,No,No,christmas lights pro,USD,50,0%,0%,High,100,0.89,3.46,,,,,,,,,,,,,,,,,,,,,,,,,,,,,
GKP-HL-0322,christmas installation lights,christmas installation lights,Candidate: seasonal service intent,Yes,Yes,No,No,No,No,No,No,christmas installation lights,USD,500,0%,0%,Medium,59,,,,,,,,,,,,,,,,,,,,,,,,,,,,,,,
GKP-HL-0323,hanging christmas lights service near me,hanging christmas lights service near me,Candidate: seasonal service intent,Yes,Yes,Yes,No,No,No,No,No,hanging christmas lights service near me,USD,50,0%,0%,Unknown,,,,,,,,,,,,,,,,,,,,,,,,,,,,,,,,
GKP-HL-0324,9 ft dunhill fir hinged artificial christmas tree,9 ft dunhill fir hinged artificial christmas tree,Review: seasonal but ambiguous intent,Yes,No,No,No,No,No,No,No,9 ft dunhill fir hinged artificial christmas tree,USD,50,0%,0%,Unknown,,,,,,,,,,,,,,,,,,,,,,,,,,,,,,,,
GKP-HL-0325,cheap holiday light installation,cheap holiday light installation,Candidate: seasonal service intent,Yes,Yes,No,No,No,No,No,No,cheap holiday light installation,USD,50,0%,0%,Unknown,,,,,,,,,,,,,,,,,,,,,,,,,,,,,,,,
GKP-HL-0326,residential christmas decorators,residential christmas decorators,Candidate: seasonal service intent,Yes,Yes,No,No,Yes,No,No,No,residential christmas decorators,USD,50,0%,0%,Unknown,,,,,,,,,,,,,,,,,,,,,,,,,,,,,,,,
GKP-HL-0327,christmas lighting installation cost,christmas lighting installation cost,Candidate: seasonal service intent,Yes,Yes,No,Yes,No,No,No,No,christmas lighting installation cost,USD,500,0%,0%,Medium,43,1.17,4.68,,,,,,,,,,,,,,,,,,,,,,,,,,,,,
GKP-HL-0328,christmas lights permanent installation,christmas lights permanent installation,Exclude or verify: permanent lighting,Yes,Yes,No,No,No,No,Yes,No,christmas lights permanent installation,USD,50,0%,0%,Low,24,,,,,,,,,,,,,,,,,,,,,,,,,,,,,,,
GKP-HL-0329,christmas installation,christmas installation,Candidate: seasonal service intent,Yes,Yes,No,No,No,No,No,No,christmas installation,USD,50,0%,∞,High,100,,,,,,,,,,,,,,,,,,,,,,,,,,,,,,,
GKP-HL-0330,lighting installation companies near me,lighting installation companies near me,Review: adjacent nonseasonal service intent,No,Yes,Yes,No,No,No,No,No,lighting installation companies near me,USD,50,0%,0%,High,96,,,,,,,,,,,,,,,,,,,,,,,,,,,,,,,
GKP-HL-0331,professional tree light installation,professional tree light installation,Review: adjacent nonseasonal service intent,No,Yes,No,No,No,No,No,No,professional tree light installation,USD,50,0%,0%,Unknown,,,,,,,,,,,,,,,,,,,,,,,,,,,,,,,,
GKP-HL-0332,easy way to put up christmas lights,easy way to put up christmas lights,Candidate: seasonal service intent,Yes,Yes,No,No,No,No,No,No,easy way to put up christmas lights,USD,50,0%,0%,Unknown,,,,,,,,,,,,,,,,,,,,,,,,,,,,,,,,
GKP-HL-0333,install christmas lights on house near me,install christmas lights on house near me,Candidate: seasonal service intent,Yes,Yes,Yes,No,Yes,No,No,No,install christmas lights on house near me,USD,50,0%,0%,Unknown,,,,,,,,,,,,,,,,,,,,,,,,,,,,,,,,
GKP-HL-0334,xmas light company,xmas light company,Candidate: seasonal service intent,Yes,Yes,No,No,No,No,No,No,xmas light company,USD,50,0%,0%,Medium,65,2.62,11.99,,,,,,,,,,,,,,,,,,,,,,,,,,,,,
GKP-HL-0335,professional holiday lighting near me,professional holiday lighting near me,Candidate: seasonal service intent,Yes,Yes,Yes,No,No,No,No,No,professional holiday lighting near me,USD,50,-100%,0%,Unknown,,,,,,,,,,,,,,,,,,,,,,,,,,,,,,,,
GKP-HL-0336,handyman to install christmas lights,handyman to install christmas lights,Candidate: seasonal service intent,Yes,Yes,No,No,No,No,No,No,handyman to install christmas lights,USD,50,0%,-100%,Unknown,,,,,,,,,,,,,,,,,,,,,,,,,,,,,,,,
GKP-HL-0337,christmas light roof installation,christmas light roof installation,Candidate: seasonal service intent,Yes,Yes,No,No,Yes,No,No,No,christmas light roof installation,USD,50,-100%,-100%,Unknown,,,,,,,,,,,,,,,,,,,,,,,,,,,,,,,,
GKP-HL-0338,company to put christmas lights on house,company to put christmas lights on house,Candidate: seasonal service intent,Yes,Yes,No,No,No,No,No,No,company to put christmas lights on house,USD,50,0%,0%,Unknown,,,,,,,,,,,,,,,,,,,,,,,,,,,,,,,,
GKP-HL-0339,need christmas lights hung,need christmas lights hung,Review: seasonal but ambiguous intent,Yes,No,No,No,No,No,No,No,need christmas lights hung,USD,0,0%,0%,Unknown,,,,,,,,,,,,,,,,,,,,,,,,,,,,,,,,
GKP-HL-0340,christmas lights put up on house,christmas lights put up on house,Candidate: seasonal service intent,Yes,Yes,No,No,No,No,No,No,christmas lights put up on house,USD,50,0%,0%,Unknown,,,,,,,,,,,,,,,,,,,,,,,,,,,,,,,,
GKP-HL-0341,seasonal lighting installation,seasonal lighting installation,Review: adjacent nonseasonal service intent,No,Yes,No,No,No,No,No,No,seasonal lighting installation,USD,50,0%,0%,Unknown,,,,,,,,,,,,,,,,,,,,,,,,,,,,,,,,
GKP-HL-0342,christmas light installation near me cost,christmas light installation near me cost,Candidate: seasonal service intent,Yes,Yes,Yes,Yes,No,No,No,No,christmas light installation near me cost,USD,50,0%,0%,Unknown,,,,,,,,,,,,,,,,,,,,,,,,,,,,,,,,
GKP-HL-0343,company that puts christmas lights up,company that puts christmas lights up,Candidate: seasonal service intent,Yes,Yes,No,No,No,No,No,No,company that puts christmas lights up,USD,50,-100%,-100%,Unknown,,,,,,,,,,,,,,,,,,,,,,,,,,,,,,,,
GKP-HL-0344,exterior permanent lighting,exterior permanent lighting,Exclude or verify: permanent lighting,No,No,No,No,No,No,Yes,No,exterior permanent lighting,USD,50,∞,0%,High,100,,,,,,,,,,,,,,,,,,,,,,,,,,,,,,,
GKP-HL-0345,commercial christmas lights installation near me,commercial christmas lights installation near me,Candidate: seasonal service intent,Yes,Yes,Yes,No,No,Yes,No,No,commercial christmas lights installation near me,USD,50,0%,0%,Unknown,,,,,,,,,,,,,,,,,,,,,,,,,,,,,,,,
GKP-HL-0346,companies that put up outdoor christmas lights,companies that put up outdoor christmas lights,Candidate: seasonal service intent,Yes,Yes,No,No,No,No,No,No,companies that put up outdoor christmas lights,USD,50,0%,0%,Unknown,,,,,,,,,,,,,,,,,,,,,,,,,,,,,,,,
GKP-HL-0347,9 ft downswept christmas tree,9 ft downswept christmas tree,Review: seasonal but ambiguous intent,Yes,No,No,No,No,No,No,No,9 ft downswept christmas tree,USD,50,0%,0%,Unknown,,,,,,,,,,,,,,,,,,,,,,,,,,,,,,,,
GKP-HL-0348,christmas lights set up near me,christmas lights set up near me,Review: seasonal but ambiguous intent,Yes,No,Yes,No,No,No,No,No,christmas lights set up near me,USD,50,0%,0%,Unknown,,,,,,,,,,,,,,,,,,,,,,,,,,,,,,,,
GKP-HL-0349,outdoor light decorating company,outdoor light decorating company,Review: adjacent nonseasonal service intent,No,Yes,No,No,No,No,No,No,outdoor light decorating company,USD,50,0%,0%,Unknown,,,,,,,,,,,,,,,,,,,,,,,,,,,,,,,,
GKP-HL-0350,best way to hang christmas lights on roof,best way to hang christmas lights on roof,Exclude or review: product/DIY intent,Yes,No,No,No,Yes,No,No,Yes,best way to hang christmas lights on roof,USD,50,0%,0%,Unknown,,,,,,,,,,,,,,,,,,,,,,,,,,,,,,,,
GKP-HL-0351,professional installation of christmas lights,professional installation of christmas lights,Candidate: seasonal service intent,Yes,Yes,No,No,No,No,No,No,professional installation of christmas lights,USD,50,0%,0%,Low,22,1.15,9.00,,,,,,,,,,,,,,,,,,,,,,,,,,,,,
GKP-HL-0352,outdoor hanging lights installation,outdoor hanging lights installation,Review: adjacent nonseasonal service intent,No,Yes,No,No,No,No,No,No,outdoor hanging lights installation,USD,50,0%,0%,Unknown,,,,,,,,,,,,,,,,,,,,,,,,,,,,,,,,
GKP-HL-0353,outdoor christmas decoration company,outdoor christmas decoration company,Candidate: seasonal service intent,Yes,Yes,No,No,No,No,No,No,outdoor christmas decoration company,USD,50,∞,∞,Medium,43,,,,,,,,,,,,,,,,,,,,,,,,,,,,,,,
GKP-HL-0354,tree lighting company near me,tree lighting company near me,Review: adjacent nonseasonal service intent,No,Yes,Yes,No,No,No,No,No,tree lighting company near me,USD,50,∞,∞,High,100,,,,,,,,,,,,,,,,,,,,,,,,,,,,,,,
GKP-HL-0355,the christmas lights company,the christmas lights company,Candidate: seasonal service intent,Yes,Yes,No,No,No,No,No,No,the christmas lights company,USD,50,0%,0%,Unknown,,,,,,,,,,,,,,,,,,,,,,,,,,,,,,,,
GKP-HL-0356,christmas light hanging service cost,christmas light hanging service cost,Candidate: seasonal service intent,Yes,Yes,No,Yes,No,No,No,No,christmas light hanging service cost,USD,50,0%,0%,Unknown,,,,,,,,,,,,,,,,,,,,,,,,,,,,,,,,
GKP-HL-0357,christmas tree lighting company,christmas tree lighting company,Candidate: seasonal service intent,Yes,Yes,No,No,No,No,No,No,christmas tree lighting company,USD,50,-100%,-100%,Unknown,,,,,,,,,,,,,,,,,,,,,,,,,,,,,,,,
GKP-HL-0358,xmas lights installation cost,xmas lights installation cost,Candidate: seasonal service intent,Yes,Yes,No,Yes,No,No,No,No,xmas lights installation cost,USD,50,0%,0%,Unknown,,,,,,,,,,,,,,,,,,,,,,,,,,,,,,,,
GKP-HL-0359,local xmas light installers,local xmas light installers,Candidate: seasonal service intent,Yes,Yes,Yes,No,No,No,No,No,local xmas light installers,USD,50,0%,0%,Unknown,,,,,,,,,,,,,,,,,,,,,,,,,,,,,,,,
GKP-HL-0360,affordable christmas light installation near me,affordable christmas light installation near me,Candidate: seasonal service intent,Yes,Yes,Yes,No,No,No,No,No,affordable christmas light installation near me,USD,50,0%,0%,Unknown,,,,,,,,,,,,,,,,,,,,,,,,,,,,,,,,
GKP-HL-0361,cost to put christmas lights on house,cost to put christmas lights on house,Review: seasonal but ambiguous intent,Yes,No,No,Yes,No,No,No,No,cost to put christmas lights on house,USD,50,-100%,0%,Unknown,,,,,,,,,,,,,,,,,,,,,,,,,,,,,,,,
GKP-HL-0362,custom christmas lights installation,custom christmas lights installation,Candidate: seasonal service intent,Yes,Yes,No,No,No,No,No,No,custom christmas lights installation,USD,50,∞,0%,Low,0,,,,,,,,,,,,,,,,,,,,,,,,,,,,,,,
GKP-HL-0363,9 dunhill fir christmas tree,9 dunhill fir christmas tree,Review: seasonal but ambiguous intent,Yes,No,No,No,No,No,No,No,9 dunhill fir christmas tree,USD,50,0%,0%,Unknown,,,,,,,,,,,,,,,,,,,,,,,,,,,,,,,,
GKP-HL-0364,xmas light service,xmas light service,Candidate: seasonal service intent,Yes,Yes,No,No,No,No,No,No,xmas light service,USD,50,0%,0%,Low,29,,,,,,,,,,,,,,,,,,,,,,,,,,,,,,,
GKP-HL-0365,9 ft pre lit dunhill fir artificial christmas tree,9 ft pre lit dunhill fir artificial christmas tree,Exclude or review: product/DIY intent,Yes,No,No,No,No,No,No,Yes,9 ft pre lit dunhill fir artificial christmas tree,USD,50,0%,0%,Unknown,,,,,,,,,,,,,,,,,,,,,,,,,,,,,,,,
GKP-HL-0366,christmas light show installers,christmas light show installers,Candidate: seasonal service intent,Yes,Yes,No,No,No,No,No,No,christmas light show installers,USD,50,0%,-100%,Unknown,,,,,,,,,,,,,,,,,,,,,,,,,,,,,,,,
GKP-HL-0367,custom fit christmas lights,custom fit christmas lights,Review: seasonal but ambiguous intent,Yes,No,No,No,No,No,No,No,custom fit christmas lights,USD,50,0%,0%,Unknown,,,,,,,,,,,,,,,,,,,,,,,,,,,,,,,,
GKP-HL-0368,holiday light installation companies near me,holiday light installation companies near me,Candidate: seasonal service intent,Yes,Yes,Yes,No,No,No,No,No,holiday light installation companies near me,USD,50,0%,0%,Unknown,,,,,,,,,,,,,,,,,,,,,,,,,,,,,,,,
GKP-HL-0369,outdoor christmas lights for house installation,outdoor christmas lights for house installation,Candidate: seasonal service intent,Yes,Yes,No,No,Yes,No,No,No,outdoor christmas lights for house installation,USD,50,0%,0%,Unknown,,,,,,,,,,,,,,,,,,,,,,,,,,,,,,,,
GKP-HL-0370,national tree company pre lit artificial full christmas tree,national tree company pre lit artificial full christmas tree,Exclude or review: product/DIY intent,Yes,Yes,No,No,No,No,No,Yes,national tree company pre lit artificial full christmas tree,USD,50,0%,0%,Unknown,,,,,,,,,,,,,,,,,,,,,,,,,,,,,,,,
GKP-HL-0371,house christmas lights service,house christmas lights service,Candidate: seasonal service intent,Yes,Yes,No,No,Yes,No,No,No,house christmas lights service,USD,50,0%,-100%,Unknown,,,,,,,,,,,,,,,,,,,,,,,,,,,,,,,,
GKP-HL-0372,holiday lighting installation companies,holiday lighting installation companies,Candidate: seasonal service intent,Yes,Yes,No,No,No,No,No,No,holiday lighting installation companies,USD,50,∞,∞,Medium,35,,,,,,,,,,,,,,,,,,,,,,,,,,,,,,,
GKP-HL-0373,national tree company pre lit artificial christmas wreath,national tree company pre lit artificial christmas wreath,Exclude or review: product/DIY intent,Yes,Yes,No,No,No,No,No,Yes,national tree company pre lit artificial christmas wreath,USD,50,0%,0%,Unknown,,,,,,,,,,,,,,,,,,,,,,,,,,,,,,,,
GKP-HL-0374,outdoor christmas light decorators near me,outdoor christmas light decorators near me,Candidate: seasonal service intent,Yes,Yes,Yes,No,No,No,No,No,outdoor christmas light decorators near me,USD,50,-100%,0%,Unknown,,,,,,,,,,,,,,,,,,,,,,,,,,,,,,,,
GKP-HL-0375,christmas tree light company near me,christmas tree light company near me,Candidate: seasonal service intent,Yes,Yes,Yes,No,No,No,No,No,christmas tree light company near me,USD,50,0%,0%,Unknown,,,,,,,,,,,,,,,,,,,,,,,,,,,,,,,,
GKP-HL-0376,professional christmas light decorators,professional christmas light decorators,Candidate: seasonal service intent,Yes,Yes,No,No,No,No,No,No,professional christmas light decorators,USD,50,0%,0%,Unknown,,,,,,,,,,,,,,,,,,,,,,,,,,,,,,,,
GKP-HL-0377,tree light installation,tree light installation,Review: adjacent nonseasonal service intent,No,Yes,No,No,No,No,No,No,tree light installation,USD,50,0%,0%,Unknown,,,,,,,,,,,,,,,,,,,,,,,,,,,,,,,,
GKP-HL-0378,permanent holiday lighting installation,permanent holiday lighting installation,Exclude or verify: permanent lighting,Yes,Yes,No,No,No,No,Yes,No,permanent holiday lighting installation,USD,50,0%,0%,Low,0,,,,,,,,,,,,,,,,,,,,,,,,,,,,,,,
GKP-HL-0379,christmas light installation professional,christmas light installation professional,Candidate: seasonal service intent,Yes,Yes,No,No,No,No,No,No,christmas light installation professional,USD,50,0%,0%,Low,22,1.15,9.00,,,,,,,,,,,,,,,,,,,,,,,,,,,,,
GKP-HL-0380,residential christmas lights,residential christmas lights,Review: seasonal but ambiguous intent,Yes,No,No,No,Yes,No,No,No,residential christmas lights,USD,50,0%,0%,Low,0,,,,,,,,,,,,,,,,,,,,,,,,,,,,,,,
GKP-HL-0381,companies that put up holiday lights,companies that put up holiday lights,Candidate: seasonal service intent,Yes,Yes,No,No,No,No,No,No,companies that put up holiday lights,USD,50,0%,0%,Unknown,,,,,,,,,,,,,,,,,,,,,,,,,,,,,,,,
GKP-HL-0382,commercial outdoor christmas decor,commercial outdoor christmas decor,Review: seasonal but ambiguous intent,Yes,No,No,No,No,Yes,No,No,commercial outdoor christmas decor,USD,50,0%,0%,High,100,,,,,,,,,,,,,,,,,,,,,,,,,,,,,,,
GKP-HL-0383,tiffany fir christmas tree,tiffany fir christmas tree,Review: seasonal but ambiguous intent,Yes,No,No,No,No,No,No,No,tiffany fir christmas tree,USD,50,0%,0%,Unknown,,,,,,,,,,,,,,,,,,,,,,,,,,,,,,,,
GKP-HL-0384,hang holiday lights near me,hang holiday lights near me,Review: seasonal but ambiguous intent,Yes,No,Yes,No,No,No,No,No,hang holiday lights near me,USD,50,0%,0%,Unknown,,,,,,,,,,,,,,,,,,,,,,,,,,,,,,,,
GKP-HL-0385,christmas light installation outdoor,christmas light installation outdoor,Candidate: seasonal service intent,Yes,Yes,No,No,No,No,No,No,christmas light installation outdoor,USD,50,0%,0%,Unknown,,,,,,,,,,,,,,,,,,,,,,,,,,,,,,,,
GKP-HL-0386,tree lights outdoor installation,tree lights outdoor installation,Review: adjacent nonseasonal service intent,No,Yes,No,No,No,No,No,No,tree lights outdoor installation,USD,50,0%,∞,High,100,,,,,,,,,,,,,,,,,,,,,,,,,,,,,,,
GKP-HL-0387,cost of hanging christmas lights,cost of hanging christmas lights,Review: seasonal but ambiguous intent,Yes,No,No,Yes,No,No,No,No,cost of hanging christmas lights,USD,50,0%,0%,Medium,36,,,,,,,,,,,,,,,,,,,,,,,,,,,,,,,
GKP-HL-0388,outdoor xmas lights installers,outdoor xmas lights installers,Candidate: seasonal service intent,Yes,Yes,No,No,No,No,No,No,outdoor xmas lights installers,USD,50,0%,0%,Unknown,,,,,,,,,,,,,,,,,,,,,,,,,,,,,,,,
GKP-HL-0389,national tree company dual color led,national tree company dual color led,Review: adjacent nonseasonal service intent,No,Yes,No,No,No,No,No,Yes,national tree company dual color led,USD,50,∞,∞,High,71,,,,,,,,,,,,,,,,,,,,,,,,,,,,,,,
GKP-HL-0390,installing xmas lights outdoors,installing xmas lights outdoors,Candidate: seasonal service intent,Yes,Yes,No,No,No,No,No,No,installing xmas lights outdoors,USD,50,∞,∞,High,86,,,,,,,,,,,,,,,,,,,,,,,,,,,,,,,
GKP-HL-0391,install christmas decorations,install christmas decorations,Candidate: seasonal service intent,Yes,Yes,No,No,No,No,No,No,install christmas decorations,USD,50,0%,0%,Unknown,,,,,,,,,,,,,,,,,,,,,,,,,,,,,,,,
GKP-HL-0392,craigslist christmas light installation,craigslist christmas light installation,Candidate: seasonal service intent,Yes,Yes,No,No,No,No,No,No,craigslist christmas light installation,USD,50,0%,0%,Unknown,,,,,,,,,,,,,,,,,,,,,,,,,,,,,,,,
GKP-HL-0393,hang christmas lights without gutters,hang christmas lights without gutters,Review: seasonal but ambiguous intent,Yes,No,No,No,Yes,No,No,No,hang christmas lights without gutters,USD,50,0%,0%,Unknown,,,,,,,,,,,,,,,,,,,,,,,,,,,,,,,,
GKP-HL-0394,7.5 carolina pine christmas tree,7.5 carolina pine christmas tree,Review: seasonal but ambiguous intent,Yes,No,No,No,No,No,No,No,7.5 carolina pine christmas tree,USD,50,0%,0%,Unknown,,,,,,,,,,,,,,,,,,,,,,,,,,,,,,,,
GKP-HL-0395,7.5 ft pre lit carolina pine artificial christmas tree,7.5 ft pre lit carolina pine artificial christmas tree,Exclude or review: product/DIY intent,Yes,No,No,No,No,No,No,Yes,7.5 ft pre lit carolina pine artificial christmas tree,USD,50,0%,0%,Unknown,,,,,,,,,,,,,,,,,,,,,,,,,,,,,,,,
GKP-HL-0396,best way to hang christmas lights outdoor,best way to hang christmas lights outdoor,Exclude or review: product/DIY intent,Yes,No,No,No,No,No,No,Yes,best way to hang christmas lights outdoor,USD,50,0%,-100%,Unknown,,,,,,,,,,,,,,,,,,,,,,,,,,,,,,,,
GKP-HL-0397,light it up christmas light installation,light it up christmas light installation,Candidate: seasonal service intent,Yes,Yes,No,No,No,No,No,No,light it up christmas light installation,USD,50,0%,-100%,Unknown,,,,,,,,,,,,,,,,,,,,,,,,,,,,,,,,
GKP-HL-0398,easy install outdoor christmas lights,easy install outdoor christmas lights,Candidate: seasonal service intent,Yes,Yes,No,No,No,No,No,No,easy install outdoor christmas lights,USD,50,0%,0%,Unknown,,,,,,,,,,,,,,,,,,,,,,,,,,,,,,,,
GKP-HL-0399,10 dunhill fir christmas tree,10 dunhill fir christmas tree,Review: seasonal but ambiguous intent,Yes,No,No,No,No,No,No,No,10 dunhill fir christmas tree,USD,50,0%,0%,Unknown,,,,,,,,,,,,,,,,,,,,,,,,,,,,,,,,
GKP-HL-0400,outdoor tree light installation,outdoor tree light installation,Review: adjacent nonseasonal service intent,No,Yes,No,No,No,No,No,No,outdoor tree light installation,USD,50,0%,0%,Unknown,,,,,,,,,,,,,,,,,,,,,,,,,,,,,,,,
GKP-HL-0401,cost to have someone hang christmas lights,cost to have someone hang christmas lights,Review: seasonal but ambiguous intent,Yes,No,No,Yes,No,No,No,No,cost to have someone hang christmas lights,USD,50,0%,0%,Unknown,,,,,,,,,,,,,,,,,,,,,,,,,,,,,,,,
GKP-HL-0402,christmas lights installation outdoor,christmas lights installation outdoor,Candidate: seasonal service intent,Yes,Yes,No,No,No,No,No,No,christmas lights installation outdoor,USD,50,0%,0%,Unknown,,,,,,,,,,,,,,,,,,,,,,,,,,,,,,,,
GKP-HL-0403,cypress christmas light installation,cypress christmas light installation,Candidate: seasonal service intent,Yes,Yes,No,No,No,No,No,No,cypress christmas light installation,USD,50,0%,0%,Unknown,,,,,,,,,,,,,,,,,,,,,,,,,,,,,,,,
GKP-HL-0404,carolina pine christmas tree 7.5,carolina pine christmas tree 7.5,Review: seasonal but ambiguous intent,Yes,No,No,No,No,No,No,No,carolina pine christmas tree 7.5,USD,50,0%,0%,Unknown,,,,,,,,,,,,,,,,,,,,,,,,,,,,,,,,
GKP-HL-0405,local holiday light installation,local holiday light installation,Candidate: seasonal service intent,Yes,Yes,Yes,No,No,No,No,No,local holiday light installation,USD,50,∞,∞,High,90,,,,,,,,,,,,,,,,,,,,,,,,,,,,,,,
GKP-HL-0406,someone to hang outdoor christmas lights,someone to hang outdoor christmas lights,Candidate: seasonal service intent,Yes,Yes,No,No,No,No,No,No,someone to hang outdoor christmas lights,USD,50,0%,0%,Unknown,,,,,,,,,,,,,,,,,,,,,,,,,,,,,,,,
GKP-HL-0407,companies that install christmas decorations,companies that install christmas decorations,Candidate: seasonal service intent,Yes,Yes,No,No,No,No,No,No,companies that install christmas decorations,USD,50,0%,-100%,Unknown,,,,,,,,,,,,,,,,,,,,,,,,,,,,,,,,
GKP-HL-0408,hanging christmas lights outside,hanging christmas lights outside,Review: seasonal but ambiguous intent,Yes,No,No,No,No,No,No,No,hanging christmas lights outside,USD,50,0%,0%,High,100,,,,,,,,,,,,,,,,,,,,,,,,,,,,,,,
GKP-HL-0409,average price for christmas light installation,average price for christmas light installation,Candidate: seasonal service intent,Yes,Yes,No,Yes,No,No,No,No,average price for christmas light installation,USD,50,∞,∞,Medium,57,,,,,,,,,,,,,,,,,,,,,,,,,,,,,,,
GKP-HL-0410,10 ft dunhill christmas tree,10 ft dunhill christmas tree,Review: seasonal but ambiguous intent,Yes,No,No,No,No,No,No,No,10 ft dunhill christmas tree,USD,0,0%,0%,Unknown,,,,,,,,,,,,,,,,,,,,,,,,,,,,,,,,
GKP-HL-0411,9 ft noble fir pre lit christmas tree,9 ft noble fir pre lit christmas tree,Exclude or review: product/DIY intent,Yes,No,No,No,No,No,No,Yes,9 ft noble fir pre lit christmas tree,USD,50,0%,0%,Unknown,,,,,,,,,,,,,,,,,,,,,,,,,,,,,,,,
GKP-HL-0412,led christmas lights outdoor installation,led christmas lights outdoor installation,Candidate: seasonal service intent,Yes,Yes,No,No,No,No,No,No,led christmas lights outdoor installation,USD,50,0%,0%,Unknown,,,,,,,,,,,,,,,,,,,,,,,,,,,,,,,,
GKP-HL-0413,company hanging christmas lights,company hanging christmas lights,Candidate: seasonal service intent,Yes,Yes,No,No,No,No,No,No,company hanging christmas lights,USD,50,0%,0%,Unknown,,,,,,,,,,,,,,,,,,,,,,,,,,,,,,,,
GKP-HL-0414,10 ft dunhill fir incandescent christmas tree,10 ft dunhill fir incandescent christmas tree,Review: seasonal but ambiguous intent,Yes,No,No,No,No,No,No,No,10 ft dunhill fir incandescent christmas tree,USD,0,0%,0%,Unknown,,,,,,,,,,,,,,,,,,,,,,,,,,,,,,,,
GKP-HL-0415,buy professional christmas lights,buy professional christmas lights,Candidate: seasonal service intent,Yes,Yes,No,No,No,No,No,No,buy professional christmas lights,USD,50,0%,0%,Unknown,,,,,,,,,,,,,,,,,,,,,,,,,,,,,,,,
GKP-HL-0416,companies that put up xmas lights,companies that put up xmas lights,Candidate: seasonal service intent,Yes,Yes,No,No,No,No,No,No,companies that put up xmas lights,USD,50,-100%,-100%,Unknown,,,,,,,,,,,,,,,,,,,,,,,,,,,,,,,,
GKP-HL-0417,christmas outdoor lighting companies,christmas outdoor lighting companies,Review: seasonal but ambiguous intent,Yes,No,No,No,No,No,No,No,christmas outdoor lighting companies,USD,50,0%,-100%,Unknown,,,,,,,,,,,,,,,,,,,,,,,,,,,,,,,,
GKP-HL-0418,best way to install christmas lights on house,best way to install christmas lights on house,Exclude or review: product/DIY intent,Yes,Yes,No,No,No,No,No,Yes,best way to install christmas lights on house,USD,50,0%,0%,Unknown,,,,,,,,,,,,,,,,,,,,,,,,,,,,,,,,
GKP-HL-0419,christmas tree lighting companies near me,christmas tree lighting companies near me,Review: seasonal but ambiguous intent,Yes,No,Yes,No,No,No,No,No,christmas tree lighting companies near me,USD,50,0%,0%,Unknown,,,,,,,,,,,,,,,,,,,,,,,,,,,,,,,,
GKP-HL-0420,cost of having christmas lights installed,cost of having christmas lights installed,Candidate: seasonal service intent,Yes,Yes,No,Yes,No,No,No,No,cost of having christmas lights installed,USD,50,0%,0%,Unknown,,,,,,,,,,,,,,,,,,,,,,,,,,,,,,,,
GKP-HL-0421,christmas decoration installation company,christmas decoration installation company,Candidate: seasonal service intent,Yes,Yes,No,No,No,No,No,No,christmas decoration installation company,USD,50,0%,0%,Unknown,,,,,,,,,,,,,,,,,,,,,,,,,,,,,,,,
GKP-HL-0422,home light installation,home light installation,Review: adjacent nonseasonal service intent,No,Yes,No,No,Yes,No,No,No,home light installation,USD,50,0%,∞,Low,0,,,,,,,,,,,,,,,,,,,,,,,,,,,,,,,
GKP-HL-0423,pro christmas light installers,pro christmas light installers,Candidate: seasonal service intent,Yes,Yes,No,No,No,No,No,No,pro christmas light installers,USD,50,0%,0%,Low,22,1.15,9.00,,,,,,,,,,,,,,,,,,,,,,,,,,,,,
GKP-HL-0424,easy way to hang christmas lights outdoor,easy way to hang christmas lights outdoor,Review: seasonal but ambiguous intent,Yes,No,No,No,No,No,No,No,easy way to hang christmas lights outdoor,USD,50,0%,0%,Unknown,,,,,,,,,,,,,,,,,,,,,,,,,,,,,,,,
GKP-HL-0425,hanging christmas tree lights,hanging christmas tree lights,Review: seasonal but ambiguous intent,Yes,No,No,No,No,No,No,No,hanging christmas tree lights,USD,50,0%,0%,Unknown,,,,,,,,,,,,,,,,,,,,,,,,,,,,,,,,
GKP-HL-0426,cost to have christmas lights hung on house,cost to have christmas lights hung on house,Review: seasonal but ambiguous intent,Yes,No,No,Yes,No,No,No,No,cost to have christmas lights hung on house,USD,50,0%,0%,Unknown,,,,,,,,,,,,,,,,,,,,,,,,,,,,,,,,
GKP-HL-0427,cost to install permanent christmas lights,cost to install permanent christmas lights,Exclude or verify: permanent lighting,Yes,Yes,No,Yes,No,No,Yes,No,cost to install permanent christmas lights,USD,50,∞,∞,High,100,,,,,,,,,,,,,,,,,,,,,,,,,,,,,,,
GKP-HL-0428,looking for someone to put up christmas lights,looking for someone to put up christmas lights,Candidate: seasonal service intent,Yes,Yes,No,No,No,No,No,No,looking for someone to put up christmas lights,USD,50,0%,0%,Unknown,,,,,,,,,,,,,,,,,,,,,,,,,,,,,,,,
GKP-HL-0429,hanging up christmas lights outdoor,hanging up christmas lights outdoor,Review: seasonal but ambiguous intent,Yes,No,No,No,No,No,No,No,hanging up christmas lights outdoor,USD,50,0%,0%,Unknown,,,,,,,,,,,,,,,,,,,,,,,,,,,,,,,,
GKP-HL-0430,north valley spruce artificial christmas tree,north valley spruce artificial christmas tree,Review: seasonal but ambiguous intent,Yes,No,No,No,No,No,No,No,north valley spruce artificial christmas tree,USD,50,0%,0%,Unknown,,,,,,,,,,,,,,,,,,,,,,,,,,,,,,,,
GKP-HL-0431,xmas light hanging service near me,xmas light hanging service near me,Candidate: seasonal service intent,Yes,Yes,Yes,No,No,No,No,No,xmas light hanging service near me,USD,50,0%,0%,Unknown,,,,,,,,,,,,,,,,,,,,,,,,,,,,,,,,
GKP-HL-0432,professional light hanging,professional light hanging,Review: adjacent nonseasonal service intent,No,Yes,No,No,No,No,No,No,professional light hanging,USD,50,0%,0%,Unknown,,,,,,,,,,,,,,,,,,,,,,,,,,,,,,,,
GKP-HL-0433,holiday outdoor decor company,holiday outdoor decor company,Candidate: seasonal service intent,Yes,Yes,No,No,No,No,No,No,holiday outdoor decor company,USD,50,-100%,-100%,Unknown,,,,,,,,,,,,,,,,,,,,,,,,,,,,,,,,
GKP-HL-0434,christmas tree installation near me,christmas tree installation near me,Candidate: seasonal service intent,Yes,Yes,Yes,No,No,No,No,No,christmas tree installation near me,USD,50,0%,0%,Unknown,,,,,,,,,,,,,,,,,,,,,,,,,,,,,,,,
GKP-HL-0435,commercial christmas display,commercial christmas display,Review: seasonal but ambiguous intent,Yes,No,No,No,No,Yes,No,No,commercial christmas display,USD,50,0%,-100%,Unknown,,,,,,,,,,,,,,,,,,,,,,,,,,,,,,,,
GKP-HL-0436,price for christmas light installation,price for christmas light installation,Candidate: seasonal service intent,Yes,Yes,No,Yes,No,No,No,No,price for christmas light installation,USD,50,0%,0%,Unknown,,,,,,,,,,,,,,,,,,,,,,,,,,,,,,,,
GKP-HL-0437,outdoor tree lighting service,outdoor tree lighting service,Review: adjacent nonseasonal service intent,No,Yes,No,No,No,No,No,No,outdoor tree lighting service,USD,50,0%,0%,Unknown,,,,,,,,,,,,,,,,,,,,,,,,,,,,,,,,
GKP-HL-0438,average christmas light installation price,average christmas light installation price,Candidate: seasonal service intent,Yes,Yes,No,Yes,No,No,No,No,average christmas light installation price,USD,50,0%,0%,Unknown,,,,,,,,,,,,,,,,,,,,,,,,,,,,,,,,
GKP-HL-0439,need someone to hang christmas lights,need someone to hang christmas lights,Candidate: seasonal service intent,Yes,Yes,No,No,No,No,No,No,need someone to hang christmas lights,USD,50,0%,0%,Unknown,,,,,,,,,,,,,,,,,,,,,,,,,,,,,,,,
GKP-HL-0440,average cost to have christmas lights installed,average cost to have christmas lights installed,Candidate: seasonal service intent,Yes,Yes,No,Yes,No,No,No,No,average cost to have christmas lights installed,USD,50,0%,0%,Unknown,,,,,,,,,,,,,,,,,,,,,,,,,,,,,,,,
GKP-HL-0441,professional light installation near me,professional light installation near me,Review: adjacent nonseasonal service intent,No,Yes,Yes,No,No,No,No,No,professional light installation near me,USD,50,0%,-100%,Unknown,,,,,,,,,,,,,,,,,,,,,,,,,,,,,,,,
GKP-HL-0442,put up my christmas lights near me,put up my christmas lights near me,Candidate: seasonal service intent,Yes,Yes,Yes,No,No,No,No,No,put up my christmas lights near me,USD,50,0%,0%,Unknown,,,,,,,,,,,,,,,,,,,,,,,,,,,,,,,,
GKP-HL-0443,6.5 dunhill fir christmas tree,6.5 dunhill fir christmas tree,Review: seasonal but ambiguous intent,Yes,No,No,No,No,No,No,No,6.5 dunhill fir christmas tree,USD,50,0%,0%,Unknown,,,,,,,,,,,,,,,,,,,,,,,,,,,,,,,,
GKP-HL-0444,companies that set up christmas lights,companies that set up christmas lights,Candidate: seasonal service intent,Yes,Yes,No,No,No,No,No,No,companies that set up christmas lights,USD,50,∞,∞,High,86,,,,,,,,,,,,,,,,,,,,,,,,,,,,,,,
GKP-HL-0445,christmas house lighting company,christmas house lighting company,Candidate: seasonal service intent,Yes,Yes,No,No,Yes,No,No,No,christmas house lighting company,USD,50,0%,0%,Unknown,,,,,,,,,,,,,,,,,,,,,,,,,,,,,,,,
GKP-HL-0446,professional christmas light service,professional christmas light service,Candidate: seasonal service intent,Yes,Yes,No,No,No,No,No,No,professional christmas light service,USD,50,0%,0%,Unknown,,,,,,,,,,,,,,,,,,,,,,,,,,,,,,,,
GKP-HL-0447,christmas light installation and rental,christmas light installation and rental,Candidate: seasonal service intent,Yes,Yes,No,No,No,No,No,No,christmas light installation and rental,USD,50,0%,0%,Unknown,,,,,,,,,,,,,,,,,,,,,,,,,,,,,,,,
GKP-HL-0448,christmas lights house installation near me,christmas lights house installation near me,Candidate: seasonal service intent,Yes,Yes,Yes,No,Yes,No,No,No,christmas lights house installation near me,USD,50,∞,∞,High,96,,,,,,,,,,,,,,,,,,,,,,,,,,,,,,,
GKP-HL-0449,average cost to hang christmas lights,average cost to hang christmas lights,Review: seasonal but ambiguous intent,Yes,No,No,Yes,No,No,No,No,average cost to hang christmas lights,USD,50,0%,0%,Unknown,,,,,,,,,,,,,,,,,,,,,,,,,,,,,,,,
GKP-HL-0450,permanent led christmas light installation,permanent led christmas light installation,Exclude or verify: permanent lighting,Yes,Yes,No,No,No,No,Yes,No,permanent led christmas light installation,USD,50,0%,0%,Unknown,,,,,,,,,,,,,,,,,,,,,,,,,,,,,,,,
GKP-HL-0451,hang christmas lights from ground,hang christmas lights from ground,Review: seasonal but ambiguous intent,Yes,No,No,No,No,No,No,No,hang christmas lights from ground,USD,50,0%,0%,Unknown,,,,,,,,,,,,,,,,,,,,,,,,,,,,,,,,
GKP-HL-0452,hanging christmas lights around windows,hanging christmas lights around windows,Review: seasonal but ambiguous intent,Yes,No,No,No,No,No,No,No,hanging christmas lights around windows,USD,50,∞,∞,Low,0,,,,,,,,,,,,,,,,,,,,,,,,,,,,,,,
GKP-HL-0453,professional christmas light hangers near me,professional christmas light hangers near me,Candidate: seasonal service intent,Yes,Yes,Yes,No,No,No,No,No,professional christmas light hangers near me,USD,50,∞,∞,Medium,43,,,,,,,,,,,,,,,,,,,,,,,,,,,,,,,
GKP-HL-0454,businesses that put up christmas lights,businesses that put up christmas lights,Candidate: seasonal service intent,Yes,Yes,No,No,No,No,No,No,businesses that put up christmas lights,USD,50,0%,0%,Unknown,,,,,,,,,,,,,,,,,,,,,,,,,,,,,,,,
GKP-HL-0455,cost to get christmas lights hung,cost to get christmas lights hung,Review: seasonal but ambiguous intent,Yes,No,No,Yes,No,No,No,No,cost to get christmas lights hung,USD,50,0%,0%,Unknown,,,,,,,,,,,,,,,,,,,,,,,,,,,,,,,,
GKP-HL-0456,outdoor christmas lights professional,outdoor christmas lights professional,Candidate: seasonal service intent,Yes,Yes,No,No,No,No,No,No,outdoor christmas lights professional,USD,50,0%,-100%,Unknown,,,,,,,,,,,,,,,,,,,,,,,,,,,,,,,,
GKP-HL-0457,christmas lights on gutter guards,christmas lights on gutter guards,Review: seasonal but ambiguous intent,Yes,No,No,No,Yes,No,No,No,christmas lights on gutter guards,USD,50,0%,0%,Unknown,,,,,,,,,,,,,,,,,,,,,,,,,,,,,,,,
GKP-HL-0458,cost to have christmas lights put up,cost to have christmas lights put up,Review: seasonal but ambiguous intent,Yes,No,No,Yes,No,No,No,No,cost to have christmas lights put up,USD,50,0%,0%,Unknown,,,,,,,,,,,,,,,,,,,,,,,,,,,,,,,,
GKP-HL-0459,outdoor christmas decorations installed,outdoor christmas decorations installed,Candidate: seasonal service intent,Yes,Yes,No,No,No,No,No,No,outdoor christmas decorations installed,USD,50,0%,0%,Unknown,,,,,,,,,,,,,,,,,,,,,,,,,,,,,,,,
GKP-HL-0460,hanging lights with gutter guards,hanging lights with gutter guards,Exclude or review: unrelated/ambiguous,No,No,No,No,Yes,No,No,No,hanging lights with gutter guards,USD,50,0%,0%,Unknown,,,,,,,,,,,,,,,,,,,,,,,,,,,,,,,,
GKP-HL-0461,national tree 7.5 foot dunhill fir christmas tree,national tree 7.5 foot dunhill fir christmas tree,Review: seasonal but ambiguous intent,Yes,No,No,No,No,No,No,No,national tree 7.5 foot dunhill fir christmas tree,USD,50,0%,0%,Unknown,,,,,,,,,,,,,,,,,,,,,,,,,,,,,,,,
GKP-HL-0462,professional quality christmas lights,professional quality christmas lights,Candidate: seasonal service intent,Yes,Yes,No,No,No,No,No,No,professional quality christmas lights,USD,50,0%,0%,Unknown,,,,,,,,,,,,,,,,,,,,,,,,,,,,,,,,
GKP-HL-0463,companies near me that hang christmas lights,companies near me that hang christmas lights,Review: seasonal but ambiguous intent,Yes,No,Yes,No,No,No,No,No,companies near me that hang christmas lights,USD,50,0%,0%,Unknown,,,,,,,,,,,,,,,,,,,,,,,,,,,,,,,,
GKP-HL-0464,icicle lights installation,icicle lights installation,Review: adjacent nonseasonal service intent,No,Yes,No,No,No,No,No,No,icicle lights installation,USD,50,0%,0%,Unknown,,,,,,,,,,,,,,,,,,,,,,,,,,,,,,,,
GKP-HL-0465,dunhill white fir christmas tree with lights,dunhill white fir christmas tree with lights,Review: seasonal but ambiguous intent,Yes,No,No,No,No,No,No,No,dunhill white fir christmas tree with lights,USD,50,0%,0%,Unknown,,,,,,,,,,,,,,,,,,,,,,,,,,,,,,,,
GKP-HL-0466,hanging christmas lights on gutters,hanging christmas lights on gutters,Review: seasonal but ambiguous intent,Yes,No,No,No,Yes,No,No,No,hanging christmas lights on gutters,USD,50,0%,0%,High,100,,,,,,,,,,,,,,,,,,,,,,,,,,,,,,,
GKP-HL-0467,professional home christmas lighting,professional home christmas lighting,Candidate: seasonal service intent,Yes,Yes,No,No,Yes,No,No,No,professional home christmas lighting,USD,50,0%,0%,Unknown,,,,,,,,,,,,,,,,,,,,,,,,,,,,,,,,
GKP-HL-0468,commercial christmas decorating companies,commercial christmas decorating companies,Review: seasonal but ambiguous intent,Yes,No,No,No,No,Yes,No,No,commercial christmas decorating companies,USD,50,0%,0%,Unknown,,,,,,,,,,,,,,,,,,,,,,,,,,,,,,,,
GKP-HL-0469,national tree company 10 ft dunhill fir incandescent christmas tree,national tree company 10 ft dunhill fir incandescent christmas tree,Exclude or review: product/DIY intent,Yes,Yes,No,No,No,No,No,Yes,national tree company 10 ft dunhill fir incandescent christmas tree,USD,50,0%,0%,Unknown,,,,,,,,,,,,,,,,,,,,,,,,,,,,,,,,
GKP-HL-0470,12 ft dunhill fir pre lit artificial christmas tree,12 ft dunhill fir pre lit artificial christmas tree,Exclude or review: product/DIY intent,Yes,No,No,No,No,No,No,Yes,12 ft dunhill fir pre lit artificial christmas tree,USD,50,0%,0%,Unknown,,,,,,,,,,,,,,,,,,,,,,,,,,,,,,,,
GKP-HL-0471,price to hang christmas lights,price to hang christmas lights,Review: seasonal but ambiguous intent,Yes,No,No,Yes,No,No,No,No,price to hang christmas lights,USD,50,0%,0%,Medium,36,,,,,,,,,,,,,,,,,,,,,,,,,,,,,,,
GKP-HL-0472,house christmas light installation cost,house christmas light installation cost,Candidate: seasonal service intent,Yes,Yes,No,Yes,Yes,No,No,No,house christmas light installation cost,USD,50,0%,0%,Unknown,,,,,,,,,,,,,,,,,,,,,,,,,,,,,,,,
GKP-HL-0473,7.5 ft dunhill fir unlit christmas tree,7.5 ft dunhill fir unlit christmas tree,Review: seasonal but ambiguous intent,Yes,No,No,No,No,No,No,No,7.5 ft dunhill fir unlit christmas tree,USD,50,0%,0%,Unknown,,,,,,,,,,,,,,,,,,,,,,,,,,,,,,,,
GKP-HL-0474,christmas lights on house service,christmas lights on house service,Candidate: seasonal service intent,Yes,Yes,No,No,Yes,No,No,No,christmas lights on house service,USD,50,0%,-100%,Unknown,,,,,,,,,,,,,,,,,,,,,,,,,,,,,,,,
GKP-HL-0475,bright lights christmas light installation,bright lights christmas light installation,Candidate: seasonal service intent,Yes,Yes,No,No,No,No,No,No,bright lights christmas light installation,USD,50,0%,-100%,Unknown,,,,,,,,,,,,,,,,,,,,,,,,,,,,,,,,
GKP-HL-0476,christmas installers near me,christmas installers near me,Candidate: seasonal service intent,Yes,Yes,Yes,No,No,No,No,No,christmas installers near me,USD,50,∞,∞,Low,24,,,,,,,,,,,,,,,,,,,,,,,,,,,,,,,
GKP-HL-0477,someone to put christmas lights on house,someone to put christmas lights on house,Candidate: seasonal service intent,Yes,Yes,No,No,No,No,No,No,someone to put christmas lights on house,USD,50,0%,0%,Unknown,,,,,,,,,,,,,,,,,,,,,,,,,,,,,,,,
GKP-HL-0478,national tree company 12 ft dunhill fir incandescent christmas tree,national tree company 12 ft dunhill fir incandescent christmas tree,Exclude or review: product/DIY intent,Yes,Yes,No,No,No,No,No,Yes,national tree company 12 ft dunhill fir incandescent christmas tree,USD,50,0%,0%,Unknown,,,,,,,,,,,,,,,,,,,,,,,,,,,,,,,,
GKP-HL-0479,christmas light installers llc,christmas light installers llc,Candidate: seasonal service intent,Yes,Yes,No,No,No,No,No,No,christmas light installers llc,USD,0,0%,0%,Unknown,,,,,,,,,,,,,,,,,,,,,,,,,,,,,,,,
GKP-HL-0480,commercial christmas light decorations,commercial christmas light decorations,Review: seasonal but ambiguous intent,Yes,No,No,No,No,Yes,No,No,commercial christmas light decorations,USD,50,0%,0%,Unknown,,,,,,,,,,,,,,,,,,,,,,,,,,,,,,,,
GKP-HL-0481,someone to install christmas lights,someone to install christmas lights,Candidate: seasonal service intent,Yes,Yes,No,No,No,No,No,No,someone to install christmas lights,USD,50,0%,0%,Unknown,,,,,,,,,,,,,,,,,,,,,,,,,,,,,,,,
GKP-HL-0482,shine christmas light installation,shine christmas light installation,Candidate: seasonal service intent,Yes,Yes,No,No,No,No,No,No,shine christmas light installation,USD,0,0%,0%,Unknown,,,,,,,,,,,,,,,,,,,,,,,,,,,,,,,,
GKP-HL-0483,put up xmas lights outdoors,put up xmas lights outdoors,Candidate: seasonal service intent,Yes,Yes,No,No,No,No,No,No,put up xmas lights outdoors,USD,50,0%,0%,Unknown,,,,,,,,,,,,,,,,,,,,,,,,,,,,,,,,
GKP-HL-0484,average cost of permanent christmas lights,average cost of permanent christmas lights,Exclude or verify: permanent lighting,Yes,No,No,Yes,No,No,Yes,No,average cost of permanent christmas lights,USD,50,0%,0%,Unknown,,,,,,,,,,,,,,,,,,,,,,,,,,,,,,,,
GKP-HL-0485,dunhill christmas tree 9 ft,dunhill christmas tree 9 ft,Review: seasonal but ambiguous intent,Yes,No,No,No,No,No,No,No,dunhill christmas tree 9 ft,USD,50,0%,0%,Unknown,,,,,,,,,,,,,,,,,,,,,,,,,,,,,,,,
GKP-HL-0486,christmas decor light installation,christmas decor light installation,Candidate: seasonal service intent,Yes,Yes,No,No,No,No,No,No,christmas decor light installation,USD,50,0%,-100%,Unknown,,,,,,,,,,,,,,,,,,,,,,,,,,,,,,,,
GKP-HL-0487,cost of permanent holiday lights,cost of permanent holiday lights,Exclude or verify: permanent lighting,Yes,No,No,Yes,No,No,Yes,No,cost of permanent holiday lights,USD,50,0%,0%,Unknown,,,,,,,,,,,,,,,,,,,,,,,,,,,,,,,,
GKP-HL-0488,christmas light rental near me,christmas light rental near me,Review: seasonal but ambiguous intent,Yes,No,Yes,No,No,No,No,No,christmas light rental near me,USD,50,∞,∞,High,86,,,,,,,,,,,,,,,,,,,,,,,,,,,,,,,
GKP-HL-0489,professional christmas lights cost,professional christmas lights cost,Candidate: seasonal service intent,Yes,Yes,No,Yes,No,No,No,No,professional christmas lights cost,USD,50,0%,0%,Unknown,,,,,,,,,,,,,,,,,,,,,,,,,,,,,,,,
GKP-HL-0490,light up my holiday christmas light installation holiday decor,light up my holiday christmas light installation holiday decor,Candidate: seasonal service intent,Yes,Yes,No,No,No,No,No,No,light up my holiday christmas light installation holiday decor,USD,0,0%,0%,Unknown,,,,,,,,,,,,,,,,,,,,,,,,,,,,,,,,
GKP-HL-0491,putting up christmas lights business,putting up christmas lights business,Review: seasonal but ambiguous intent,Yes,No,No,No,No,No,No,No,putting up christmas lights business,USD,50,0%,0%,Unknown,,,,,,,,,,,,,,,,,,,,,,,,,,,,,,,,
GKP-HL-0492,cost for permanent christmas lights,cost for permanent christmas lights,Exclude or verify: permanent lighting,Yes,No,No,Yes,No,No,Yes,No,cost for permanent christmas lights,USD,50,0%,0%,Unknown,,,,,,,,,,,,,,,,,,,,,,,,,,,,,,,,
GKP-HL-0493,7.5 ft downswept douglas fir artificial christmas tree,7.5 ft downswept douglas fir artificial christmas tree,Review: seasonal but ambiguous intent,Yes,No,No,No,No,No,No,No,7.5 ft downswept douglas fir artificial christmas tree,USD,50,0%,0%,Unknown,,,,,,,,,,,,,,,,,,,,,,,,,,,,,,,,
GKP-HL-0494,permanent christmas light install,permanent christmas light install,Exclude or verify: permanent lighting,Yes,Yes,No,No,No,No,Yes,No,permanent christmas light install,USD,50,∞,∞,High,100,,,,,,,,,,,,,,,,,,,,,,,,,,,,,,,
GKP-HL-0495,putting up christmas lights outdoor,putting up christmas lights outdoor,Review: seasonal but ambiguous intent,Yes,No,No,No,No,No,No,No,putting up christmas lights outdoor,USD,50,0%,0%,Unknown,,,,,,,,,,,,,,,,,,,,,,,,,,,,,,,,
GKP-HL-0496,light decorating company,light decorating company,Review: adjacent nonseasonal service intent,No,Yes,No,No,No,No,No,No,light decorating company,USD,50,∞,∞,High,86,,,,,,,,,,,,,,,,,,,,,,,,,,,,,,,
GKP-HL-0497,cost for hanging christmas lights,cost for hanging christmas lights,Review: seasonal but ambiguous intent,Yes,No,No,Yes,No,No,No,No,cost for hanging christmas lights,USD,50,0%,0%,Medium,36,,,,,,,,,,,,,,,,,,,,,,,,,,,,,,,
GKP-HL-0498,white company christmas lights,white company christmas lights,Candidate: seasonal service intent,Yes,Yes,No,No,No,No,No,No,white company christmas lights,USD,, --, --,Unknown,,,,,,,,,,,,,,,,,,,,,,,,,,,,,,,,
GKP-HL-0499,best way to hang christmas lights outside,best way to hang christmas lights outside,Exclude or review: product/DIY intent,Yes,No,No,No,No,No,No,Yes,best way to hang christmas lights outside,USD,50,0%,-100%,Unknown,,,,,,,,,,,,,,,,,,,,,,,,,,,,,,,,
GKP-HL-0500,professional christmas lighting near me,professional christmas lighting near me,Candidate: seasonal service intent,Yes,Yes,Yes,No,No,No,No,No,professional christmas lighting near me,USD,50,0%,0%,Unknown,,,,,,,,,,,,,,,,,,,,,,,,,,,,,,,,
GKP-HL-0501,best professional christmas lights,best professional christmas lights,Candidate: seasonal service intent,Yes,Yes,No,No,No,No,No,No,best professional christmas lights,USD,50,0%,0%,Unknown,,,,,,,,,,,,,,,,,,,,,,,,,,,,,,,,
GKP-HL-0502,christmas house lighting companies,christmas house lighting companies,Review: seasonal but ambiguous intent,Yes,No,No,No,Yes,No,No,No,christmas house lighting companies,USD,50,0%,0%,Unknown,,,,,,,,,,,,,,,,,,,,,,,,,,,,,,,,
GKP-HL-0503,christmas lights hung professionally,christmas lights hung professionally,Candidate: seasonal service intent,Yes,Yes,No,No,No,No,No,No,christmas lights hung professionally,USD,50,-100%,-100%,Unknown,,,,,,,,,,,,,,,,,,,,,,,,,,,,,,,,
GKP-HL-0504,9 dunhill fir hinged tree,9 dunhill fir hinged tree,Exclude or review: unrelated/ambiguous,No,No,No,No,No,No,No,No,9 dunhill fir hinged tree,USD,50,0%,0%,Unknown,,,,,,,,,,,,,,,,,,,,,,,,,,,,,,,,
GKP-HL-0505,hang christmas lights without ladder,hang christmas lights without ladder,Review: seasonal but ambiguous intent,Yes,No,No,No,No,No,No,No,hang christmas lights without ladder,USD,50,-100%,0%,Unknown,,,,,,,,,,,,,,,,,,,,,,,,,,,,,,,,
GKP-HL-0506,business christmas lights,business christmas lights,Review: seasonal but ambiguous intent,Yes,No,No,No,No,Yes,No,No,business christmas lights,USD,50,0%,0%,Unknown,,,,,,,,,,,,,,,,,,,,,,,,,,,,,,,,
GKP-HL-0507,professional christmas tree lights,professional christmas tree lights,Candidate: seasonal service intent,Yes,Yes,No,No,No,No,No,No,professional christmas tree lights,USD,50,0%,0%,Unknown,,,,,,,,,,,,,,,,,,,,,,,,,,,,,,,,
GKP-HL-0508,professional christmas decor,professional christmas decor,Candidate: seasonal service intent,Yes,Yes,No,No,No,No,No,No,professional christmas decor,USD,50,0%,-100%,Unknown,,,,,,,,,,,,,,,,,,,,,,,,,,,,,,,,
GKP-HL-0509,best way to hang up christmas lights,best way to hang up christmas lights,Exclude or review: product/DIY intent,Yes,No,No,No,No,No,No,Yes,best way to hang up christmas lights,USD,50,0%,0%,Unknown,,,,,,,,,,,,,,,,,,,,,,,,,,,,,,,,
GKP-HL-0510,best christmas lights installers near me,best christmas lights installers near me,Candidate: seasonal service intent,Yes,Yes,Yes,No,No,No,No,No,best christmas lights installers near me,USD,50,-100%,-100%,Unknown,,,,,,,,,,,,,,,,,,,,,,,,,,,,,,,,
GKP-HL-0511,outdoor christmas decorating service near me,outdoor christmas decorating service near me,Candidate: seasonal service intent,Yes,Yes,Yes,No,No,No,No,No,outdoor christmas decorating service near me,USD,50,0%,0%,Unknown,,,,,,,,,,,,,,,,,,,,,,,,,,,,,,,,
GKP-HL-0512,christmas lights set up service,christmas lights set up service,Candidate: seasonal service intent,Yes,Yes,No,No,No,No,No,No,christmas lights set up service,USD,50,0%,0%,Unknown,,,,,,,,,,,,,,,,,,,,,,,,,,,,,,,,
GKP-HL-0513,light fitters,light fitters,Exclude or review: unrelated/ambiguous,No,No,No,No,No,No,No,No,light fitters,USD,50,0%,0%,High,83,,,,,,,,,,,,,,,,,,,,,,,,,,,,,,,
GKP-HL-0514,gerson international christmas village,gerson international christmas village,Review: seasonal but ambiguous intent,Yes,No,No,No,No,No,No,No,gerson international christmas village,USD,50,0%,0%,Unknown,,,,,,,,,,,,,,,,,,,,,,,,,,,,,,,,
GKP-HL-0515,7 ft dunhill fir christmas tree,7 ft dunhill fir christmas tree,Review: seasonal but ambiguous intent,Yes,No,No,No,No,No,No,No,7 ft dunhill fir christmas tree,USD,50,0%,0%,Unknown,,,,,,,,,,,,,,,,,,,,,,,,,,,,,,,,
GKP-HL-0516,xmas lights pro,xmas lights pro,Review: seasonal but ambiguous intent,Yes,No,No,No,No,No,No,No,xmas lights pro,USD,50,0%,∞,High,86,,,,,,,,,,,,,,,,,,,,,,,,,,,,,,,
GKP-HL-0517,best way to hang christmas lights around windows,best way to hang christmas lights around windows,Exclude or review: product/DIY intent,Yes,No,No,No,No,No,No,Yes,best way to hang christmas lights around windows,USD,50,0%,0%,Unknown,,,,,,,,,,,,,,,,,,,,,,,,,,,,,,,,
GKP-HL-0518,permanent christmas lights company,permanent christmas lights company,Exclude or verify: permanent lighting,Yes,Yes,No,No,No,No,Yes,No,permanent christmas lights company,USD,50,0%,0%,Unknown,,,,,,,,,,,,,,,,,,,,,,,,,,,,,,,,
GKP-HL-0519,company that will put up christmas lights,company that will put up christmas lights,Candidate: seasonal service intent,Yes,Yes,No,No,No,No,No,No,company that will put up christmas lights,USD,50,0%,-100%,Unknown,,,,,,,,,,,,,,,,,,,,,,,,,,,,,,,,
GKP-HL-0520,7.5 prelit carolina pine artificial christmas tree,7.5 prelit carolina pine artificial christmas tree,Review: seasonal but ambiguous intent,Yes,No,No,No,No,No,No,No,7.5 prelit carolina pine artificial christmas tree,USD,, --, --,Unknown,,,,,,,,,,,,,,,,,,,,,,,,,,,,,,,,
GKP-HL-0521,outdoor christmas light decorating services,outdoor christmas light decorating services,Candidate: seasonal service intent,Yes,Yes,No,No,No,No,No,No,outdoor christmas light decorating services,USD,0,0%,0%,Unknown,,,,,,,,,,,,,,,,,,,,,,,,,,,,,,,,
GKP-HL-0522,xmas light hanging,xmas light hanging,Review: seasonal but ambiguous intent,Yes,No,No,No,No,No,No,No,xmas light hanging,USD,50,0%,0%,Unknown,,,,,,,,,,,,,,,,,,,,,,,,,,,,,,,,
GKP-HL-0523,house christmas light decorating service,house christmas light decorating service,Candidate: seasonal service intent,Yes,Yes,No,No,Yes,No,No,No,house christmas light decorating service,USD,50,∞,∞,High,86,,,,,,,,,,,,,,,,,,,,,,,,,,,,,,,
GKP-HL-0524,holiday lighting pros,holiday lighting pros,Review: seasonal but ambiguous intent,Yes,No,No,No,No,No,No,No,holiday lighting pros,USD,50,0%,0%,Low,0,,,,,,,,,,,,,,,,,,,,,,,,,,,,,,,
GKP-HL-0525,national tree company pre lit christmas tree,national tree company pre lit christmas tree,Exclude or review: product/DIY intent,Yes,Yes,No,No,No,No,No,Yes,national tree company pre lit christmas tree,USD,50,0%,-100%,Unknown,,,,,,,,,,,,,,,,,,,,,,,,,,,,,,,,
GKP-HL-0526,national tree 7 foot dunhill fir christmas tree,national tree 7 foot dunhill fir christmas tree,Review: seasonal but ambiguous intent,Yes,No,No,No,No,No,No,No,national tree 7 foot dunhill fir christmas tree,USD,0,0%,0%,Unknown,,,,,,,,,,,,,,,,,,,,,,,,,,,,,,,,
GKP-HL-0527,6.5 prelit dunhill fir artificial christmas tree,6.5 prelit dunhill fir artificial christmas tree,Review: seasonal but ambiguous intent,Yes,No,No,No,No,No,No,No,6.5 prelit dunhill fir artificial christmas tree,USD,50,0%,0%,Unknown,,,,,,,,,,,,,,,,,,,,,,,,,,,,,,,,
GKP-HL-0528,putting up xmas lights outdoor,putting up xmas lights outdoor,Review: seasonal but ambiguous intent,Yes,No,No,No,No,No,No,No,putting up xmas lights outdoor,USD,50,0%,0%,Unknown,,,,,,,,,,,,,,,,,,,,,,,,,,,,,,,,
GKP-HL-0529,7.5 ft dunhill fir incandescent christmas tree,7.5 ft dunhill fir incandescent christmas tree,Review: seasonal but ambiguous intent,Yes,No,No,No,No,No,No,No,7.5 ft dunhill fir incandescent christmas tree,USD,50,0%,0%,Unknown,,,,,,,,,,,,,,,,,,,,,,,,,,,,,,,,
GKP-HL-0530,commercial christmas lighting companies,commercial christmas lighting companies,Review: seasonal but ambiguous intent,Yes,No,No,No,No,Yes,No,No,commercial christmas lighting companies,USD,50,0%,0%,Unknown,,,,,,,,,,,,,,,,,,,,,,,,,,,,,,,,
GKP-HL-0531,professional exterior christmas lights,professional exterior christmas lights,Candidate: seasonal service intent,Yes,Yes,No,No,No,No,No,No,professional exterior christmas lights,USD,50,0%,-100%,Unknown,,,,,,,,,,,,,,,,,,,,,,,,,,,,,,,,
GKP-HL-0532,christmas light decorating companies near me,christmas light decorating companies near me,Review: seasonal but ambiguous intent,Yes,No,Yes,No,No,No,No,No,christmas light decorating companies near me,USD,50,∞,0%,High,100,,,,,,,,,,,,,,,,,,,,,,,,,,,,,,,
GKP-HL-0533,residential holiday lighting,residential holiday lighting,Review: seasonal but ambiguous intent,Yes,No,No,No,Yes,No,No,No,residential holiday lighting,USD,50,0%,0%,Unknown,,,,,,,,,,,,,,,,,,,,,,,,,,,,,,,,
GKP-HL-0534,led professional christmas lights,led professional christmas lights,Candidate: seasonal service intent,Yes,Yes,No,No,No,No,No,No,led professional christmas lights,USD,50,0%,0%,Unknown,,,,,,,,,,,,,,,,,,,,,,,,,,,,,,,,
GKP-HL-0535,the christmas light professionals,the christmas light professionals,Candidate: seasonal service intent,Yes,Yes,No,No,No,No,No,No,the christmas light professionals,USD,50,0%,-100%,Unknown,,,,,,,,,,,,,,,,,,,,,,,,,,,,,,,,
GKP-HL-0536,holiday decorations installers,holiday decorations installers,Candidate: seasonal service intent,Yes,Yes,No,No,No,No,No,No,holiday decorations installers,USD,50,0%,0%,Unknown,,,,,,,,,,,,,,,,,,,,,,,,,,,,,,,,
GKP-HL-0537,kingswood fir artificial fir christmas tree,kingswood fir artificial fir christmas tree,Review: seasonal but ambiguous intent,Yes,No,No,No,No,No,No,No,kingswood fir artificial fir christmas tree,USD,0,0%,0%,Unknown,,,,,,,,,,,,,,,,,,,,,,,,,,,,,,,,
GKP-HL-0538,exterior christmas decorating companies,exterior christmas decorating companies,Review: seasonal but ambiguous intent,Yes,No,No,No,No,No,No,No,exterior christmas decorating companies,USD,0,0%,0%,Unknown,,,,,,,,,,,,,,,,,,,,,,,,,,,,,,,,
GKP-HL-0539,outdoor christmas lights hanging service,outdoor christmas lights hanging service,Candidate: seasonal service intent,Yes,Yes,No,No,No,No,No,No,outdoor christmas lights hanging service,USD,50,0%,0%,Unknown,,,,,,,,,,,,,,,,,,,,,,,,,,,,,,,,
GKP-HL-0540,christmas light installation packages,christmas light installation packages,Candidate: seasonal service intent,Yes,Yes,No,No,No,No,No,No,christmas light installation packages,USD,50,0%,0%,Unknown,,,,,,,,,,,,,,,,,,,,,,,,,,,,,,,,
GKP-HL-0541,national tree company christmas tree with lights,national tree company christmas tree with lights,Exclude or review: product/DIY intent,Yes,Yes,No,No,No,No,No,Yes,national tree company christmas tree with lights,USD,50,0%,0%,Unknown,,,,,,,,,,,,,,,,,,,,,,,,,,,,,,,,
GKP-HL-0542,handyman to hang christmas lights near me,handyman to hang christmas lights near me,Review: seasonal but ambiguous intent,Yes,No,Yes,No,No,No,No,No,handyman to hang christmas lights near me,USD,50,0%,0%,Unknown,,,,,,,,,,,,,,,,,,,,,,,,,,,,,,,,
GKP-HL-0543,xmas decorating companies,xmas decorating companies,Review: seasonal but ambiguous intent,Yes,No,No,No,No,No,No,No,xmas decorating companies,USD,500,0%,0%,High,74,1.24,14.82,,,,,,,,,,,,,,,,,,,,,,,,,,,,,
GKP-HL-0544,dunhill fir slim christmas tree,dunhill fir slim christmas tree,Review: seasonal but ambiguous intent,Yes,No,No,No,No,No,No,No,dunhill fir slim christmas tree,USD,50,0%,0%,Unknown,,,,,,,,,,,,,,,,,,,,,,,,,,,,,,,,
GKP-HL-0545,put up xmas lights,put up xmas lights,Candidate: seasonal service intent,Yes,Yes,No,No,No,No,No,No,put up xmas lights,USD,500,0%,0%,Medium,33,,,,,,,,,,,,,,,,,,,,,,,,,,,,,,,
GKP-HL-0546,christmas decorations installation services,christmas decorations installation services,Candidate: seasonal service intent,Yes,Yes,No,No,No,No,No,No,christmas decorations installation services,USD,50,0%,∞,High,86,,,,,,,,,,,,,,,,,,,,,,,,,,,,,,,
GKP-HL-0547,professional residential christmas lights,professional residential christmas lights,Candidate: seasonal service intent,Yes,Yes,No,No,Yes,No,No,No,professional residential christmas lights,USD,50,0%,0%,Unknown,,,,,,,,,,,,,,,,,,,,,,,,,,,,,,,,
GKP-HL-0548,custom commercial christmas lights,custom commercial christmas lights,Review: seasonal but ambiguous intent,Yes,No,No,No,No,Yes,No,No,custom commercial christmas lights,USD,, --, --,Unknown,,,,,,,,,,,,,,,,,,,,,,,,,,,,,,,,
GKP-HL-0549,setting up outdoor christmas lights,setting up outdoor christmas lights,Review: seasonal but ambiguous intent,Yes,No,No,No,No,No,No,No,setting up outdoor christmas lights,USD,50,0%,0%,Unknown,,,,,,,,,,,,,,,,,,,,,,,,,,,,,,,,
GKP-HL-0550,handy christmas light installation,handy christmas light installation,Candidate: seasonal service intent,Yes,Yes,No,No,No,No,No,No,handy christmas light installation,USD,0,0%,0%,Unknown,,,,,,,,,,,,,,,,,,,,,,,,,,,,,,,,
GKP-HL-0551,professional hanging christmas lights,professional hanging christmas lights,Candidate: seasonal service intent,Yes,Yes,No,No,No,No,No,No,professional hanging christmas lights,USD,50,0%,0%,Unknown,,,,,,,,,,,,,,,,,,,,,,,,,,,,,,,,
GKP-HL-0552,hang up christmas lights near me,hang up christmas lights near me,Review: seasonal but ambiguous intent,Yes,No,Yes,No,No,No,No,No,hang up christmas lights near me,USD,50,0%,0%,Unknown,,,,,,,,,,,,,,,,,,,,,,,,,,,,,,,,
GKP-HL-0553,light hanging companies,light hanging companies,Exclude or review: unrelated/ambiguous,No,No,No,No,No,No,No,No,light hanging companies,USD,50,0%,0%,Unknown,,,,,,,,,,,,,,,,,,,,,,,,,,,,,,,,
GKP-HL-0554,service that puts up christmas lights,service that puts up christmas lights,Candidate: seasonal service intent,Yes,Yes,No,No,No,No,No,No,service that puts up christmas lights,USD,0,0%,0%,Unknown,,,,,,,,,,,,,,,,,,,,,,,,,,,,,,,,
GKP-HL-0555,christmas light display installation,christmas light display installation,Candidate: seasonal service intent,Yes,Yes,No,No,No,No,No,No,christmas light display installation,USD,50,0%,0%,Unknown,,,,,,,,,,,,,,,,,,,,,,,,,,,,,,,,
GKP-HL-0556,christmas house decorating company near me,christmas house decorating company near me,Candidate: seasonal service intent,Yes,Yes,Yes,No,Yes,No,No,No,christmas house decorating company near me,USD,50,-100%,0%,Unknown,,,,,,,,,,,,,,,,,,,,,,,,,,,,,,,,
GKP-HL-0557,permanent lights outdoor,permanent lights outdoor,Exclude or verify: permanent lighting,No,No,No,No,No,No,Yes,No,permanent lights outdoor,USD,50,0%,0%,High,100,,,,,,,,,,,,,,,,,,,,,,,,,,,,,,,
GKP-HL-0558,install canned lights,install canned lights,Review: adjacent nonseasonal service intent,No,Yes,No,No,No,No,No,No,install canned lights,USD,500,0%,0%,Medium,64,2.06,17.00,,,,,,,,,,,,,,,,,,,,,,,,,,,,,
GKP-HL-0559,senske christmas decor,senske christmas decor,Review: seasonal but ambiguous intent,Yes,No,No,No,No,No,No,No,senske christmas decor,USD,50,0%,0%,Unknown,,,,,,,,,,,,,,,,,,,,,,,,,,,,,,,,
GKP-HL-0560,christmas light set up company,christmas light set up company,Candidate: seasonal service intent,Yes,Yes,No,No,No,No,No,No,christmas light set up company,USD,50,∞,∞,High,86,,,,,,,,,,,,,,,,,,,,,,,,,,,,,,,
GKP-HL-0561,christmas light installation ad,christmas light installation ad,Candidate: seasonal service intent,Yes,Yes,No,No,No,No,No,No,christmas light installation ad,USD,50,∞,0%,Low,0,,,,,,,,,,,,,,,,,,,,,,,,,,,,,,,
GKP-HL-0562,easy to install outdoor christmas lights,easy to install outdoor christmas lights,Candidate: seasonal service intent,Yes,Yes,No,No,No,No,No,No,easy to install outdoor christmas lights,USD,50,0%,0%,Unknown,,,,,,,,,,,,,,,,,,,,,,,,,,,,,,,,
GKP-HL-0563,outdoor christmas light decorators,outdoor christmas light decorators,Candidate: seasonal service intent,Yes,Yes,No,No,No,No,No,No,outdoor christmas light decorators,USD,50,0%,0%,Unknown,,,,,,,,,,,,,,,,,,,,,,,,,,,,,,,,
GKP-HL-0564,hanging exterior christmas lights,hanging exterior christmas lights,Review: seasonal but ambiguous intent,Yes,No,No,No,No,No,No,No,hanging exterior christmas lights,USD,50,0%,0%,High,100,,,,,,,,,,,,,,,,,,,,,,,,,,,,,,,
GKP-HL-0565,christmas lights for house company,christmas lights for house company,Candidate: seasonal service intent,Yes,Yes,No,No,Yes,No,No,No,christmas lights for house company,USD,50,0%,0%,Unknown,,,,,,,,,,,,,,,,,,,,,,,,,,,,,,,,
GKP-HL-0566,christmas light installation red deer,christmas light installation red deer,Candidate: seasonal service intent,Yes,Yes,No,No,No,No,No,No,christmas light installation red deer,USD,0,0%,0%,Unknown,,,,,,,,,,,,,,,,,,,,,,,,,,,,,,,,
GKP-HL-0567,christmas decoration rental and installation,christmas decoration rental and installation,Candidate: seasonal service intent,Yes,Yes,No,No,No,No,No,No,christmas decoration rental and installation,USD,50,0%,0%,Unknown,,,,,,,,,,,,,,,,,,,,,,,,,,,,,,,,
GKP-HL-0568,diwali lights installation near me,diwali lights installation near me,Review: adjacent nonseasonal service intent,No,Yes,Yes,No,No,No,No,No,diwali lights installation near me,USD,50,0%,0%,Unknown,,,,,,,,,,,,,,,,,,,,,,,,,,,,,,,,
GKP-HL-0569,dfw christmas light installers,dfw christmas light installers,Candidate: seasonal service intent,Yes,Yes,No,No,No,No,No,No,dfw christmas light installers,USD,0,0%,0%,Unknown,,,,,,,,,,,,,,,,,,,,,,,,,,,,,,,,
GKP-HL-0570,dunhill fir green artificial christmas tree,dunhill fir green artificial christmas tree,Review: seasonal but ambiguous intent,Yes,No,No,No,No,No,No,No,dunhill fir green artificial christmas tree,USD,50,0%,0%,Unknown,,,,,,,,,,,,,,,,,,,,,,,,,,,,,,,,
GKP-HL-0571,holiday christmas light installation,holiday christmas light installation,Candidate: seasonal service intent,Yes,Yes,No,No,No,No,No,No,holiday christmas light installation,USD,500,0%,0%,Medium,59,,,,,,,,,,,,,,,,,,,,,,,,,,,,,,,
GKP-HL-0572,7 ft dunhill fir artificial christmas tree with clear lights,7 ft dunhill fir artificial christmas tree with clear lights,Review: seasonal but ambiguous intent,Yes,No,No,No,No,No,No,No,7 ft dunhill fir artificial christmas tree with clear lights,USD,50,0%,0%,Unknown,,,,,,,,,,,,,,,,,,,,,,,,,,,,,,,,
GKP-HL-0573,outdoor christmas lights for house service,outdoor christmas lights for house service,Candidate: seasonal service intent,Yes,Yes,No,No,Yes,No,No,No,outdoor christmas lights for house service,USD,50,0%,0%,Unknown,,,,,,,,,,,,,,,,,,,,,,,,,,,,,,,,
GKP-HL-0574,christmas lights professional installation cost,christmas lights professional installation cost,Candidate: seasonal service intent,Yes,Yes,No,Yes,No,No,No,No,christmas lights professional installation cost,USD,50,0%,-100%,Unknown,,,,,,,,,,,,,,,,,,,,,,,,,,,,,,,,
GKP-HL-0575,kingswood fir pencil pre lit christmas tree,kingswood fir pencil pre lit christmas tree,Exclude or review: product/DIY intent,Yes,No,No,No,No,No,No,Yes,kingswood fir pencil pre lit christmas tree,USD,50,0%,0%,Unknown,,,,,,,,,,,,,,,,,,,,,,,,,,,,,,,,
GKP-HL-0576,cost of holiday lighting services,cost of holiday lighting services,Candidate: seasonal service intent,Yes,Yes,No,Yes,No,No,No,No,cost of holiday lighting services,USD,50,0%,0%,Unknown,,,,,,,,,,,,,,,,,,,,,,,,,,,,,,,,
GKP-HL-0577,professional christmas decorators cost,professional christmas decorators cost,Candidate: seasonal service intent,Yes,Yes,No,Yes,No,No,No,No,professional christmas decorators cost,USD,50,0%,0%,Unknown,,,,,,,,,,,,,,,,,,,,,,,,,,,,,,,,
GKP-HL-0578,putting up lights on house,putting up lights on house,Exclude or review: unrelated/ambiguous,No,No,No,No,No,No,No,No,putting up lights on house,USD,50,0%,0%,Unknown,,,,,,,,,,,,,,,,,,,,,,,,,,,,,,,,
GKP-HL-0579,christmas light installation and removal,christmas light installation and removal,Candidate: seasonal service intent,Yes,Yes,No,No,No,No,No,No,christmas light installation and removal,USD,50,0%,0%,Unknown,,,,,,,,,,,,,,,,,,,,,,,,,,,,,,,,
GKP-HL-0580,6.5 ft dunhill fir artificial christmas tree,6.5 ft dunhill fir artificial christmas tree,Review: seasonal but ambiguous intent,Yes,No,No,No,No,No,No,No,6.5 ft dunhill fir artificial christmas tree,USD,50,0%,0%,Unknown,,,,,,,,,,,,,,,,,,,,,,,,,,,,,,,,
GKP-HL-0581,dunhill fir pre lit christmas tree 6.5,dunhill fir pre lit christmas tree 6.5,Exclude or review: product/DIY intent,Yes,No,No,No,No,No,No,Yes,dunhill fir pre lit christmas tree 6.5,USD,50,0%,0%,Unknown,,,,,,,,,,,,,,,,,,,,,,,,,,,,,,,,
GKP-HL-0582,installing xmas lights on house,installing xmas lights on house,Candidate: seasonal service intent,Yes,Yes,No,No,No,No,No,No,installing xmas lights on house,USD,0,0%,0%,Unknown,,,,,,,,,,,,,,,,,,,,,,,,,,,,,,,,
GKP-HL-0583,best dual light christmas tree,best dual light christmas tree,Review: seasonal but ambiguous intent,Yes,No,No,No,No,No,No,No,best dual light christmas tree,USD,50,0%,0%,Unknown,,,,,,,,,,,,,,,,,,,,,,,,,,,,,,,,
GKP-HL-0584,grandlite company ltd christmas lights,grandlite company ltd christmas lights,Candidate: seasonal service intent,Yes,Yes,No,No,No,No,No,No,grandlite company ltd christmas lights,USD,50,0%,0%,Unknown,,,,,,,,,,,,,,,,,,,,,,,,,,,,,,,,
GKP-HL-0585,window cleaning and christmas lights,window cleaning and christmas lights,Review: seasonal but ambiguous intent,Yes,No,No,No,No,No,No,No,window cleaning and christmas lights,USD,0,0%,0%,Unknown,,,,,,,,,,,,,,,,,,,,,,,,,,,,,,,,
GKP-HL-0586,christmas light installment,christmas light installment,Candidate: seasonal service intent,Yes,Yes,No,No,No,No,No,No,christmas light installment,USD,500,0%,0%,Medium,35,2.52,8.88,,,,,,,,,,,,,,,,,,,,,,,,,,,,,
GKP-HL-0587,dunhill christmas tree 12 ft,dunhill christmas tree 12 ft,Review: seasonal but ambiguous intent,Yes,No,No,No,No,No,No,No,dunhill christmas tree 12 ft,USD,0,0%,0%,Unknown,,,,,,,,,,,,,,,,,,,,,,,,,,,,,,,,
GKP-HL-0588,professionally hang christmas lights,professionally hang christmas lights,Candidate: seasonal service intent,Yes,Yes,No,No,No,No,No,No,professionally hang christmas lights,USD,50,-100%,-100%,Unknown,,,,,,,,,,,,,,,,,,,,,,,,,,,,,,,,
GKP-HL-0589,10 ft dunhill fir artificial christmas tree,10 ft dunhill fir artificial christmas tree,Review: seasonal but ambiguous intent,Yes,No,No,No,No,No,No,No,10 ft dunhill fir artificial christmas tree,USD,50,0%,0%,Unknown,,,,,,,,,,,,,,,,,,,,,,,,,,,,,,,,
GKP-HL-0590,professional christmas lights on house,professional christmas lights on house,Candidate: seasonal service intent,Yes,Yes,No,No,No,No,No,No,professional christmas lights on house,USD,50,0%,-100%,Unknown,,,,,,,,,,,,,,,,,,,,,,,,,,,,,,,,
GKP-HL-0591,i need someone to hang my christmas lights,i need someone to hang my christmas lights,Candidate: seasonal service intent,Yes,Yes,No,No,No,No,No,No,i need someone to hang my christmas lights,USD,50,0%,0%,Unknown,,,,,,,,,,,,,,,,,,,,,,,,,,,,,,,,
GKP-HL-0592,best way to hang christmas lights with gutter guards,best way to hang christmas lights with gutter guards,Exclude or review: product/DIY intent,Yes,No,No,No,Yes,No,No,Yes,best way to hang christmas lights with gutter guards,USD,50,0%,0%,Unknown,,,,,,,,,,,,,,,,,,,,,,,,,,,,,,,,
GKP-HL-0593,christmas decor for business,christmas decor for business,Review: seasonal but ambiguous intent,Yes,No,No,No,No,No,No,No,christmas decor for business,USD,50,∞,0%,High,100,,,,,,,,,,,,,,,,,,,,,,,,,,,,,,,
GKP-HL-0594,christmas lights etc company,christmas lights etc company,Candidate: seasonal service intent,Yes,Yes,No,No,No,No,No,No,christmas lights etc company,USD,0,0%,0%,Unknown,,,,,,,,,,,,,,,,,,,,,,,,,,,,,,,,
GKP-HL-0595,installers for christmas lights,installers for christmas lights,Candidate: seasonal service intent,Yes,Yes,No,No,No,No,No,No,installers for christmas lights,USD,50,0%,0%,Unknown,,,,,,,,,,,,,,,,,,,,,,,,,,,,,,,,
GKP-HL-0596,owasso christmas light installation,owasso christmas light installation,Candidate: seasonal service intent,Yes,Yes,No,No,No,No,No,No,owasso christmas light installation,USD,0,0%,0%,Unknown,,,,,,,,,,,,,,,,,,,,,,,,,,,,,,,,
GKP-HL-0597,outdoor christmas tree lights installation,outdoor christmas tree lights installation,Candidate: seasonal service intent,Yes,Yes,No,No,No,No,No,No,outdoor christmas tree lights installation,USD,50,0%,0%,Unknown,,,,,,,,,,,,,,,,,,,,,,,,,,,,,,,,
GKP-HL-0598,companies that will hang christmas lights,companies that will hang christmas lights,Candidate: seasonal service intent,Yes,Yes,No,No,No,No,No,No,companies that will hang christmas lights,USD,50,0%,0%,Unknown,,,,,,,,,,,,,,,,,,,,,,,,,,,,,,,,
GKP-HL-0599,christmas lights outdoor professional,christmas lights outdoor professional,Candidate: seasonal service intent,Yes,Yes,No,No,No,No,No,No,christmas lights outdoor professional,USD,50,0%,0%,Unknown,,,,,,,,,,,,,,,,,,,,,,,,,,,,,,,,
GKP-HL-0600,dunhill fir 7.5 christmas tree,dunhill fir 7.5 christmas tree,Review: seasonal but ambiguous intent,Yes,No,No,No,No,No,No,No,dunhill fir 7.5 christmas tree,USD,50,0%,0%,Unknown,,,,,,,,,,,,,,,,,,,,,,,,,,,,,,,,
GKP-HL-0601,christmas light installation cost near me,christmas light installation cost near me,Candidate: seasonal service intent,Yes,Yes,Yes,Yes,No,No,No,No,christmas light installation cost near me,USD,50,0%,-100%,Unknown,,,,,,,,,,,,,,,,,,,,,,,,,,,,,,,,
GKP-HL-0602,outdoor xmas light installation,outdoor xmas light installation,Candidate: seasonal service intent,Yes,Yes,No,No,No,No,No,No,outdoor xmas light installation,USD,50,0%,0%,Medium,43,,,,,,,,,,,,,,,,,,,,,,,,,,,,,,,
GKP-HL-0603,gutter guards christmas lights,gutter guards christmas lights,Review: seasonal but ambiguous intent,Yes,No,No,No,Yes,No,No,No,gutter guards christmas lights,USD,50,0%,0%,Medium,57,,,,,,,,,,,,,,,,,,,,,,,,,,,,,,,
GKP-HL-0604,corporate christmas decor,corporate christmas decor,Review: seasonal but ambiguous intent,Yes,No,No,No,No,No,No,No,corporate christmas decor,USD,50,0%,0%,Unknown,,,,,,,,,,,,,,,,,,,,,,,,,,,,,,,,
GKP-HL-0605,christmas lights ltd,christmas lights ltd,Review: seasonal but ambiguous intent,Yes,No,No,No,No,No,No,No,christmas lights ltd,USD,50,0%,0%,Unknown,,,,,,,,,,,,,,,,,,,,,,,,,,,,,,,,
GKP-HL-0606,christmas decor installers near me,christmas decor installers near me,Candidate: seasonal service intent,Yes,Yes,Yes,No,No,No,No,No,christmas decor installers near me,USD,50,0%,-100%,Unknown,,,,,,,,,,,,,,,,,,,,,,,,,,,,,,,,
GKP-HL-0607,price to put up christmas lights,price to put up christmas lights,Candidate: seasonal service intent,Yes,Yes,No,Yes,No,No,No,No,price to put up christmas lights,USD,50,0%,0%,Unknown,,,,,,,,,,,,,,,,,,,,,,,,,,,,,,,,
GKP-HL-0608,commercial light installation,commercial light installation,Review: adjacent nonseasonal service intent,No,Yes,No,No,No,Yes,No,No,commercial light installation,USD,50,0%,0%,Unknown,,,,,,,,,,,,,,,,,,,,,,,,,,,,,,,,
GKP-HL-0609,lowes christmas light installation,lowes christmas light installation,Exclude or review: product/DIY intent,Yes,Yes,No,No,No,No,No,Yes,lowes christmas light installation,USD,50,∞,∞,Low,14,,,,,,,,,,,,,,,,,,,,,,,,,,,,,,,
GKP-HL-0610,light installation outdoor,light installation outdoor,Review: adjacent nonseasonal service intent,No,Yes,No,No,No,No,No,No,light installation outdoor,USD,50,0%,0%,Unknown,,,,,,,,,,,,,,,,,,,,,,,,,,,,,,,,
GKP-HL-0611,hang christmas lights without damaging your house,hang christmas lights without damaging your house,Review: seasonal but ambiguous intent,Yes,No,No,No,No,No,No,No,hang christmas lights without damaging your house,USD,50,0%,0%,Unknown,,,,,,,,,,,,,,,,,,,,,,,,,,,,,,,,
GKP-HL-0612,cost christmas light installation,cost christmas light installation,Candidate: seasonal service intent,Yes,Yes,No,Yes,No,No,No,No,cost christmas light installation,USD,500,0%,0%,Medium,43,1.17,4.68,,,,,,,,,,,,,,,,,,,,,,,,,,,,,
GKP-HL-0613,national tree company 7.5 ft dunhill fir unlit christmas tree,national tree company 7.5 ft dunhill fir unlit christmas tree,Exclude or review: product/DIY intent,Yes,Yes,No,No,No,No,No,Yes,national tree company 7.5 ft dunhill fir unlit christmas tree,USD,0,0%,0%,Unknown,,,,,,,,,,,,,,,,,,,,,,,,,,,,,,,,
GKP-HL-0614,dunhill fir white christmas tree,dunhill fir white christmas tree,Review: seasonal but ambiguous intent,Yes,No,No,No,No,No,No,No,dunhill fir white christmas tree,USD,50,0%,0%,Unknown,,,,,,,,,,,,,,,,,,,,,,,,,,,,,,,,
GKP-HL-0615,easy to hang outdoor christmas lights,easy to hang outdoor christmas lights,Review: seasonal but ambiguous intent,Yes,No,No,No,No,No,No,No,easy to hang outdoor christmas lights,USD,50,0%,0%,Unknown,,,,,,,,,,,,,,,,,,,,,,,,,,,,,,,,
GKP-HL-0616,best way to hang c9 christmas lights,best way to hang c9 christmas lights,Exclude or review: product/DIY intent,Yes,No,No,No,No,No,No,Yes,best way to hang c9 christmas lights,USD,50,0%,0%,Unknown,,,,,,,,,,,,,,,,,,,,,,,,,,,,,,,,
GKP-HL-0617,tree hanging christmas lights,tree hanging christmas lights,Review: seasonal but ambiguous intent,Yes,No,No,No,No,No,No,No,tree hanging christmas lights,USD,50,0%,0%,Unknown,,,,,,,,,,,,,,,,,,,,,,,,,,,,,,,,
GKP-HL-0618,local companies that put up christmas lights,local companies that put up christmas lights,Candidate: seasonal service intent,Yes,Yes,Yes,No,No,No,No,No,local companies that put up christmas lights,USD,50,0%,0%,Unknown,,,,,,,,,,,,,,,,,,,,,,,,,,,,,,,,
GKP-HL-0619,best christmas light installation,best christmas light installation,Candidate: seasonal service intent,Yes,Yes,No,No,No,No,No,No,best christmas light installation,USD,50,0%,-100%,Unknown,,,,,,,,,,,,,,,,,,,,,,,,,,,,,,,,
GKP-HL-0620,10 ft dunhill fir pre lit artificial christmas tree,10 ft dunhill fir pre lit artificial christmas tree,Exclude or review: product/DIY intent,Yes,No,No,No,No,No,No,Yes,10 ft dunhill fir pre lit artificial christmas tree,USD,0,0%,0%,Unknown,,,,,,,,,,,,,,,,,,,,,,,,,,,,,,,,
GKP-HL-0621,install christmas lights roofline,install christmas lights roofline,Candidate: seasonal service intent,Yes,Yes,No,No,Yes,No,No,No,install christmas lights roofline,USD,50,0%,0%,Unknown,,,,,,,,,,,,,,,,,,,,,,,,,,,,,,,,
GKP-HL-0622,the holiday light pros,the holiday light pros,Review: seasonal but ambiguous intent,Yes,No,No,No,No,No,No,No,the holiday light pros,USD,50,0%,0%,Unknown,,,,,,,,,,,,,,,,,,,,,,,,,,,,,,,,
GKP-HL-0623,christmas light show company,christmas light show company,Candidate: seasonal service intent,Yes,Yes,No,No,No,No,No,No,christmas light show company,USD,50,0%,0%,Unknown,,,,,,,,,,,,,,,,,,,,,,,,,,,,,,,,
GKP-HL-0624,bright lights christmas lights installation,bright lights christmas lights installation,Candidate: seasonal service intent,Yes,Yes,No,No,No,No,No,No,bright lights christmas lights installation,USD,50,0%,0%,Unknown,,,,,,,,,,,,,,,,,,,,,,,,,,,,,,,,
GKP-HL-0625,national tree company 7.5 ft dunhill fir artificial christmas tree,national tree company 7.5 ft dunhill fir artificial christmas tree,Exclude or review: product/DIY intent,Yes,Yes,No,No,No,No,No,Yes,national tree company 7.5 ft dunhill fir artificial christmas tree,USD,50,0%,0%,Unknown,,,,,,,,,,,,,,,,,,,,,,,,,,,,,,,,
GKP-HL-0626,dunhill fir christmas tree 6.5,dunhill fir christmas tree 6.5,Review: seasonal but ambiguous intent,Yes,No,No,No,No,No,No,No,dunhill fir christmas tree 6.5,USD,50,0%,0%,Unknown,,,,,,,,,,,,,,,,,,,,,,,,,,,,,,,,
GKP-HL-0627,winchester pine christmas tree,winchester pine christmas tree,Review: seasonal but ambiguous intent,Yes,No,No,No,No,No,No,No,winchester pine christmas tree,USD,50,0%,0%,Unknown,,,,,,,,,,,,,,,,,,,,,,,,,,,,,,,,
GKP-HL-0628,holiday lighting business,holiday lighting business,Review: seasonal but ambiguous intent,Yes,No,No,No,No,No,No,No,holiday lighting business,USD,50,∞,∞,Medium,36,,,,,,,,,,,,,,,,,,,,,,,,,,,,,,,
GKP-HL-0629,average price to hang christmas lights,average price to hang christmas lights,Review: seasonal but ambiguous intent,Yes,No,No,Yes,No,No,No,No,average price to hang christmas lights,USD,50,0%,0%,Unknown,,,,,,,,,,,,,,,,,,,,,,,,,,,,,,,,
GKP-HL-0630,outdoor christmas light companies near me,outdoor christmas light companies near me,Review: seasonal but ambiguous intent,Yes,No,Yes,No,No,No,No,No,outdoor christmas light companies near me,USD,50,0%,0%,Unknown,,,,,,,,,,,,,,,,,,,,,,,,,,,,,,,,
GKP-HL-0631,professional christmas lights for house,professional christmas lights for house,Candidate: seasonal service intent,Yes,Yes,No,No,No,No,No,No,professional christmas lights for house,USD,50,0%,-100%,Unknown,,,,,,,,,,,,,,,,,,,,,,,,,,,,,,,,
GKP-HL-0632,hang your christmas lights,hang your christmas lights,Review: seasonal but ambiguous intent,Yes,No,No,No,No,No,No,No,hang your christmas lights,USD,50,0%,0%,Unknown,,,,,,,,,,,,,,,,,,,,,,,,,,,,,,,,
GKP-HL-0633,put up outdoor christmas lights,put up outdoor christmas lights,Candidate: seasonal service intent,Yes,Yes,No,No,No,No,No,No,put up outdoor christmas lights,USD,50,0%,0%,Unknown,,,,,,,,,,,,,,,,,,,,,,,,,,,,,,,,
GKP-HL-0634,cost to install christmas lights on house,cost to install christmas lights on house,Candidate: seasonal service intent,Yes,Yes,No,Yes,No,No,No,No,cost to install christmas lights on house,USD,50,0%,-100%,Unknown,,,,,,,,,,,,,,,,,,,,,,,,,,,,,,,,
GKP-HL-0635,cost for someone to hang christmas lights,cost for someone to hang christmas lights,Candidate: seasonal service intent,Yes,Yes,No,Yes,No,No,No,No,cost for someone to hang christmas lights,USD,50,0%,0%,Unknown,,,,,,,,,,,,,,,,,,,,,,,,,,,,,,,,
GKP-HL-0636,outdoor christmas lights rental,outdoor christmas lights rental,Review: seasonal but ambiguous intent,Yes,No,No,No,No,No,No,No,outdoor christmas lights rental,USD,50,0%,0%,Unknown,,,,,,,,,,,,,,,,,,,,,,,,,,,,,,,,
GKP-HL-0637,permanently installed led christmas lights,permanently installed led christmas lights,Exclude or verify: permanent lighting,Yes,Yes,No,No,No,No,Yes,No,permanently installed led christmas lights,USD,50,0%,0%,Unknown,,,,,,,,,,,,,,,,,,,,,,,,,,,,,,,,
GKP-HL-0638,companies that put up lights for christmas,companies that put up lights for christmas,Candidate: seasonal service intent,Yes,Yes,No,No,No,No,No,No,companies that put up lights for christmas,USD,50,-100%,-100%,Unknown,,,,,,,,,,,,,,,,,,,,,,,,,,,,,,,,
GKP-HL-0639,easy to hang christmas lights outdoor,easy to hang christmas lights outdoor,Review: seasonal but ambiguous intent,Yes,No,No,No,No,No,No,No,easy to hang christmas lights outdoor,USD,50,0%,0%,Unknown,,,,,,,,,,,,,,,,,,,,,,,,,,,,,,,,
GKP-HL-0640,hanging christmas lights on siding,hanging christmas lights on siding,Review: seasonal but ambiguous intent,Yes,No,No,No,No,No,No,No,hanging christmas lights on siding,USD,50,0%,0%,Unknown,,,,,,,,,,,,,,,,,,,,,,,,,,,,,,,,
GKP-HL-0641,snowy dunhill fir christmas tree,snowy dunhill fir christmas tree,Review: seasonal but ambiguous intent,Yes,No,No,No,No,No,No,No,snowy dunhill fir christmas tree,USD,0,0%,0%,Unknown,,,,,,,,,,,,,,,,,,,,,,,,,,,,,,,,
GKP-HL-0642,hanging tree christmas lights,hanging tree christmas lights,Review: seasonal but ambiguous intent,Yes,No,No,No,No,No,No,No,hanging tree christmas lights,USD,50,0%,0%,Unknown,,,,,,,,,,,,,,,,,,,,,,,,,,,,,,,,
GKP-HL-0643,cost to have someone put up christmas lights,cost to have someone put up christmas lights,Candidate: seasonal service intent,Yes,Yes,No,Yes,No,No,No,No,cost to have someone put up christmas lights,USD,50,0%,0%,Unknown,,,,,,,,,,,,,,,,,,,,,,,,,,,,,,,,
GKP-HL-0644,cost to have xmas lights installed,cost to have xmas lights installed,Candidate: seasonal service intent,Yes,Yes,No,Yes,No,No,No,No,cost to have xmas lights installed,USD,50,0%,0%,Unknown,,,,,,,,,,,,,,,,,,,,,,,,,,,,,,,,
GKP-HL-0645,hang lights with gutter guards,hang lights with gutter guards,Exclude or review: unrelated/ambiguous,No,No,No,No,Yes,No,No,No,hang lights with gutter guards,USD,50,0%,0%,Unknown,,,,,,,,,,,,,,,,,,,,,,,,,,,,,,,,
GKP-HL-0646,christmas light specialists,christmas light specialists,Review: seasonal but ambiguous intent,Yes,No,No,No,No,No,No,No,christmas light specialists,USD,50,0%,0%,Unknown,,,,,,,,,,,,,,,,,,,,,,,,,,,,,,,,
GKP-HL-0647,artificial nordic spruce christmas tree,artificial nordic spruce christmas tree,Review: seasonal but ambiguous intent,Yes,No,No,No,No,No,No,No,artificial nordic spruce christmas tree,USD,50,0%,0%,Unknown,,,,,,,,,,,,,,,,,,,,,,,,,,,,,,,,
GKP-HL-0648,installing christmas lights with gutter guards,installing christmas lights with gutter guards,Candidate: seasonal service intent,Yes,Yes,No,No,Yes,No,No,No,installing christmas lights with gutter guards,USD,50,0%,-100%,Unknown,,,,,,,,,,,,,,,,,,,,,,,,,,,,,,,,
GKP-HL-0649,average cost christmas light installation,average cost christmas light installation,Candidate: seasonal service intent,Yes,Yes,No,Yes,No,No,No,No,average cost christmas light installation,USD,50,0%,-100%,Unknown,,,,,,,,,,,,,,,,,,,,,,,,,,,,,,,,
GKP-HL-0650,permanent mount christmas lights,permanent mount christmas lights,Exclude or verify: permanent lighting,Yes,No,No,No,No,No,Yes,No,permanent mount christmas lights,USD,50,0%,0%,Unknown,,,,,,,,,,,,,,,,,,,,,,,,,,,,,,,,
GKP-HL-0651,easy to put up christmas lights,easy to put up christmas lights,Candidate: seasonal service intent,Yes,Yes,No,No,No,No,No,No,easy to put up christmas lights,USD,50,∞,0%,Low,0,,,,,,,,,,,,,,,,,,,,,,,,,,,,,,,
GKP-HL-0652,outdoor christmas decorating companies near me,outdoor christmas decorating companies near me,Review: seasonal but ambiguous intent,Yes,No,Yes,No,No,No,No,No,outdoor christmas decorating companies near me,USD,50,0%,0%,Unknown,,,,,,,,,,,,,,,,,,,,,,,,,,,,,,,,
GKP-HL-0653,cost to install christmas lights homewyse,cost to install christmas lights homewyse,Candidate: seasonal service intent,Yes,Yes,No,Yes,No,No,No,No,cost to install christmas lights homewyse,USD,50,0%,0%,Unknown,,,,,,,,,,,,,,,,,,,,,,,,,,,,,,,,
GKP-HL-0654,professional christmas light installers near me,professional christmas light installers near me,Candidate: seasonal service intent,Yes,Yes,Yes,No,No,No,No,No,professional christmas light installers near me,USD,50,0%,0%,Medium,64,,,,,,,,,,,,,,,,,,,,,,,,,,,,,,,
GKP-HL-0655,holiday light set up,holiday light set up,Review: seasonal but ambiguous intent,Yes,No,No,No,No,No,No,No,holiday light set up,USD,50,0%,0%,Unknown,,,,,,,,,,,,,,,,,,,,,,,,,,,,,,,,
GKP-HL-0656,professional christmas tree light installation,professional christmas tree light installation,Candidate: seasonal service intent,Yes,Yes,No,No,No,No,No,No,professional christmas tree light installation,USD,50,0%,0%,Unknown,,,,,,,,,,,,,,,,,,,,,,,,,,,,,,,,
GKP-HL-0657,hanging christmas lights on roof,hanging christmas lights on roof,Review: seasonal but ambiguous intent,Yes,No,No,No,Yes,No,No,No,hanging christmas lights on roof,USD,50,0%,0%,Unknown,,,,,,,,,,,,,,,,,,,,,,,,,,,,,,,,
GKP-HL-0658,led strip christmas lights installation,led strip christmas lights installation,Candidate: seasonal service intent,Yes,Yes,No,No,No,No,No,No,led strip christmas lights installation,USD,50,0%,0%,Unknown,,,,,,,,,,,,,,,,,,,,,,,,,,,,,,,,
GKP-HL-0659,putting up holiday lights,putting up holiday lights,Review: seasonal but ambiguous intent,Yes,No,No,No,No,No,No,No,putting up holiday lights,USD,500,0%,0%,Medium,33,,,,,,,,,,,,,,,,,,,,,,,,,,,,,,,
GKP-HL-0660,best way to put up christmas lights outdoor,best way to put up christmas lights outdoor,Exclude or review: product/DIY intent,Yes,Yes,No,No,No,No,No,Yes,best way to put up christmas lights outdoor,USD,50,0%,0%,Unknown,,,,,,,,,,,,,,,,,,,,,,,,,,,,,,,,
GKP-HL-0661,walmart holiday light installation,walmart holiday light installation,Exclude or review: product/DIY intent,Yes,Yes,No,No,No,No,No,Yes,walmart holiday light installation,USD,50,0%,0%,Unknown,,,,,,,,,,,,,,,,,,,,,,,,,,,,,,,,
GKP-HL-0662,carolina christmas light installers,carolina christmas light installers,Candidate: seasonal service intent,Yes,Yes,No,No,No,No,No,No,carolina christmas light installers,USD,50,0%,0%,Unknown,,,,,,,,,,,,,,,,,,,,,,,,,,,,,,,,
GKP-HL-0663,christmas lights installed cost,christmas lights installed cost,Candidate: seasonal service intent,Yes,Yes,No,Yes,No,No,No,No,christmas lights installed cost,USD,50,∞,∞,High,71,,,,,,,,,,,,,,,,,,,,,,,,,,,,,,,
GKP-HL-0664,christmas decorations installed near me,christmas decorations installed near me,Candidate: seasonal service intent,Yes,Yes,Yes,No,No,No,No,No,christmas decorations installed near me,USD,50,0%,-100%,Unknown,,,,,,,,,,,,,,,,,,,,,,,,,,,,,,,,
GKP-HL-0665,put up christmas lights without ladder,put up christmas lights without ladder,Candidate: seasonal service intent,Yes,Yes,No,No,No,No,No,No,put up christmas lights without ladder,USD,50,0%,0%,Unknown,,,,,,,,,,,,,,,,,,,,,,,,,,,,,,,,
GKP-HL-0666,12 ft dunhill fir hinged artificial christmas tree,12 ft dunhill fir hinged artificial christmas tree,Review: seasonal but ambiguous intent,Yes,No,No,No,No,No,No,No,12 ft dunhill fir hinged artificial christmas tree,USD,50,0%,0%,Unknown,,,,,,,,,,,,,,,,,,,,,,,,,,,,,,,,
GKP-HL-0667,christmas decor services,christmas decor services,Candidate: seasonal service intent,Yes,Yes,No,No,No,No,No,No,christmas decor services,USD,50,∞,0%,Low,0,,,,,,,,,,,,,,,,,,,,,,,,,,,,,,,
GKP-HL-0668,cost of putting christmas lights on house,cost of putting christmas lights on house,Review: seasonal but ambiguous intent,Yes,No,No,Yes,No,No,No,No,cost of putting christmas lights on house,USD,50,0%,0%,Unknown,,,,,,,,,,,,,,,,,,,,,,,,,,,,,,,,
GKP-HL-0669,christmas house lighting services,christmas house lighting services,Candidate: seasonal service intent,Yes,Yes,No,No,Yes,No,No,No,christmas house lighting services,USD,50,0%,-100%,Unknown,,,,,,,,,,,,,,,,,,,,,,,,,,,,,,,,
GKP-HL-0670,6.5 ft douglas fir christmas tree,6.5 ft douglas fir christmas tree,Review: seasonal but ambiguous intent,Yes,No,No,No,No,No,No,No,6.5 ft douglas fir christmas tree,USD,50,0%,0%,Unknown,,,,,,,,,,,,,,,,,,,,,,,,,,,,,,,,
GKP-HL-0671,hanging christmas lights professionally,hanging christmas lights professionally,Candidate: seasonal service intent,Yes,Yes,No,No,No,No,No,No,hanging christmas lights professionally,USD,50,-100%,-100%,Unknown,,,,,,,,,,,,,,,,,,,,,,,,,,,,,,,,
GKP-HL-0672,hanging christmas lights on gutters with screens,hanging christmas lights on gutters with screens,Review: seasonal but ambiguous intent,Yes,No,No,No,Yes,No,No,No,hanging christmas lights on gutters with screens,USD,50,0%,0%,Unknown,,,,,,,,,,,,,,,,,,,,,,,,,,,,,,,,
GKP-HL-0673,xmas decoration installers,xmas decoration installers,Candidate: seasonal service intent,Yes,Yes,No,No,No,No,No,No,xmas decoration installers,USD,50,0%,0%,Unknown,,,,,,,,,,,,,,,,,,,,,,,,,,,,,,,,
GKP-HL-0674,national tree company pre lit artificial slim christmas tree,national tree company pre lit artificial slim christmas tree,Exclude or review: product/DIY intent,Yes,Yes,No,No,No,No,No,Yes,national tree company pre lit artificial slim christmas tree,USD,50,0%,-100%,Unknown,,,,,,,,,,,,,,,,,,,,,,,,,,,,,,,,
GKP-HL-0675,companies near me that put up christmas lights,companies near me that put up christmas lights,Candidate: seasonal service intent,Yes,Yes,Yes,No,No,No,No,No,companies near me that put up christmas lights,USD,50,∞,∞,High,100,,,,,,,,,,,,,,,,,,,,,,,,,,,,,,,
GKP-HL-0676,residential holiday decorating service near me,residential holiday decorating service near me,Candidate: seasonal service intent,Yes,Yes,Yes,No,Yes,No,No,No,residential holiday decorating service near me,USD,50,0%,0%,Unknown,,,,,,,,,,,,,,,,,,,,,,,,,,,,,,,,
GKP-HL-0677,national tree pre lit christmas tree,national tree pre lit christmas tree,Exclude or review: product/DIY intent,Yes,No,No,No,No,No,No,Yes,national tree pre lit christmas tree,USD,50,∞,∞,High,100,,,,,,,,,,,,,,,,,,,,,,,,,,,,,,,
GKP-HL-0678,hanging christmas lights on eaves,hanging christmas lights on eaves,Review: seasonal but ambiguous intent,Yes,No,No,No,No,No,No,No,hanging christmas lights on eaves,USD,50,0%,0%,Unknown,,,,,,,,,,,,,,,,,,,,,,,,,,,,,,,,
GKP-HL-0679,slim downswept christmas tree,slim downswept christmas tree,Review: seasonal but ambiguous intent,Yes,No,No,No,No,No,No,No,slim downswept christmas tree,USD,50,0%,0%,Unknown,,,,,,,,,,,,,,,,,,,,,,,,,,,,,,,,
GKP-HL-0680,best christmas light company,best christmas light company,Candidate: seasonal service intent,Yes,Yes,No,No,No,No,No,No,best christmas light company,USD,50,0%,0%,Unknown,,,,,,,,,,,,,,,,,,,,,,,,,,,,,,,,
GKP-HL-0681,7.5 pre lit carolina pine artificial christmas tree,7.5 pre lit carolina pine artificial christmas tree,Exclude or review: product/DIY intent,Yes,No,No,No,No,No,No,Yes,7.5 pre lit carolina pine artificial christmas tree,USD,0,0%,0%,Unknown,,,,,,,,,,,,,,,,,,,,,,,,,,,,,,,,
GKP-HL-0682,holiday light designer,holiday light designer,Review: seasonal but ambiguous intent,Yes,No,No,No,No,No,No,No,holiday light designer,USD,50,∞,0%,Low,14,,,,,,,,,,,,,,,,,,,,,,,,,,,,,,,
GKP-HL-0683,hanging christmas lights from ceiling,hanging christmas lights from ceiling,Review: seasonal but ambiguous intent,Yes,No,No,No,No,No,No,No,hanging christmas lights from ceiling,USD,50,0%,-100%,Unknown,,,,,,,,,,,,,,,,,,,,,,,,,,,,,,,,
GKP-HL-0684,price to have christmas lights installed,price to have christmas lights installed,Candidate: seasonal service intent,Yes,Yes,No,Yes,No,No,No,No,price to have christmas lights installed,USD,50,0%,0%,Unknown,,,,,,,,,,,,,,,,,,,,,,,,,,,,,,,,
GKP-HL-0685,outdoor christmas lights contractors,outdoor christmas lights contractors,Review: seasonal but ambiguous intent,Yes,No,No,No,No,No,No,No,outdoor christmas lights contractors,USD,50,0%,0%,Unknown,,,,,,,,,,,,,,,,,,,,,,,,,,,,,,,,
GKP-HL-0686,permanent xmas lights outdoor,permanent xmas lights outdoor,Exclude or verify: permanent lighting,Yes,No,No,No,No,No,Yes,No,permanent xmas lights outdoor,USD,50,0%,0%,Unknown,,,,,,,,,,,,,,,,,,,,,,,,,,,,,,,,
GKP-HL-0687,national tree company 10 ft dunhill fir artificial christmas tree,national tree company 10 ft dunhill fir artificial christmas tree,Exclude or review: product/DIY intent,Yes,Yes,No,No,No,No,No,Yes,national tree company 10 ft dunhill fir artificial christmas tree,USD,50,0%,0%,Unknown,,,,,,,,,,,,,,,,,,,,,,,,,,,,,,,,
GKP-HL-0688,the white company christmas lights,the white company christmas lights,Candidate: seasonal service intent,Yes,Yes,No,No,No,No,No,No,the white company christmas lights,USD,, --, --,Unknown,,,,,,,,,,,,,,,,,,,,,,,,,,,,,,,,
GKP-HL-0689,christmas light rental company,christmas light rental company,Candidate: seasonal service intent,Yes,Yes,No,No,No,No,No,No,christmas light rental company,USD,50,0%,0%,Unknown,,,,,,,,,,,,,,,,,,,,,,,,,,,,,,,,
GKP-HL-0690,exterior christmas light services,exterior christmas light services,Candidate: seasonal service intent,Yes,Yes,No,No,No,No,No,No,exterior christmas light services,USD,0,0%,0%,Unknown,,,,,,,,,,,,,,,,,,,,,,,,,,,,,,,,
GKP-HL-0691,best way to hang christmas lights in room,best way to hang christmas lights in room,Exclude or review: product/DIY intent,Yes,No,No,No,No,No,No,Yes,best way to hang christmas lights in room,USD,50,-100%,0%,Unknown,,,,,,,,,,,,,,,,,,,,,,,,,,,,,,,,
GKP-HL-0692,6 1 2 ft dunhill fir hinged artificial christmas tree,6 1 2 ft dunhill fir hinged artificial christmas tree,Review: seasonal but ambiguous intent,Yes,No,No,No,No,No,No,No,6 1 2 ft dunhill fir hinged artificial christmas tree,USD,50,0%,0%,Unknown,,,,,,,,,,,,,,,,,,,,,,,,,,,,,,,,
GKP-HL-0693,professional lights christmas,professional lights christmas,Candidate: seasonal service intent,Yes,Yes,No,No,No,No,No,No,professional lights christmas,USD,50,0%,0%,High,100,0.89,3.46,,,,,,,,,,,,,,,,,,,,,,,,,,,,,
GKP-HL-0694,christmas lights fitting service,christmas lights fitting service,Candidate: seasonal service intent,Yes,Yes,No,No,No,No,No,No,christmas lights fitting service,USD,50,0%,0%,Unknown,,,,,,,,,,,,,,,,,,,,,,,,,,,,,,,,
GKP-HL-0695,light fitting service,light fitting service,Review: adjacent nonseasonal service intent,No,Yes,No,No,No,No,No,No,light fitting service,USD,0,0%,0%,Unknown,,,,,,,,,,,,,,,,,,,,,,,,,,,,,,,,
GKP-HL-0696,we hang christmas lights cost,we hang christmas lights cost,Review: seasonal but ambiguous intent,Yes,No,No,Yes,No,No,No,No,we hang christmas lights cost,USD,50,0%,0%,Unknown,,,,,,,,,,,,,,,,,,,,,,,,,,,,,,,,
GKP-HL-0697,best christmas light hanging system,best christmas light hanging system,Review: seasonal but ambiguous intent,Yes,No,No,No,No,No,No,No,best christmas light hanging system,USD,50,0%,0%,Unknown,,,,,,,,,,,,,,,,,,,,,,,,,,,,,,,,
GKP-HL-0698,3 ft downswept christmas tree,3 ft downswept christmas tree,Review: seasonal but ambiguous intent,Yes,No,No,No,No,No,No,No,3 ft downswept christmas tree,USD,50,∞,∞,High,100,,,,,,,,,,,,,,,,,,,,,,,,,,,,,,,
GKP-HL-0699,hanging c9 christmas lights,hanging c9 christmas lights,Review: seasonal but ambiguous intent,Yes,No,No,No,No,No,No,No,hanging c9 christmas lights,USD,50,0%,0%,Unknown,,,,,,,,,,,,,,,,,,,,,,,,,,,,,,,,
GKP-HL-0700,permanent installed christmas lights,permanent installed christmas lights,Exclude or verify: permanent lighting,Yes,Yes,No,No,No,No,Yes,No,permanent installed christmas lights,USD,50,0%,0%,Low,24,,,,,,,,,,,,,,,,,,,,,,,,,,,,,,,
GKP-HL-0701,7.5 ft dunhill fir hinged artificial christmas tree,7.5 ft dunhill fir hinged artificial christmas tree,Review: seasonal but ambiguous intent,Yes,No,No,No,No,No,No,No,7.5 ft dunhill fir hinged artificial christmas tree,USD,50,0%,0%,Unknown,,,,,,,,,,,,,,,,,,,,,,,,,,,,,,,,
GKP-HL-0702,best way to hang christmas lights on your house,best way to hang christmas lights on your house,Exclude or review: product/DIY intent,Yes,No,No,No,No,No,No,Yes,best way to hang christmas lights on your house,USD,50,0%,-100%,Unknown,,,,,,,,,,,,,,,,,,,,,,,,,,,,,,,,
GKP-HL-0703,best way to hang exterior christmas lights,best way to hang exterior christmas lights,Exclude or review: product/DIY intent,Yes,No,No,No,No,No,No,Yes,best way to hang exterior christmas lights,USD,50,0%,-100%,Unknown,,,,,,,,,,,,,,,,,,,,,,,,,,,,,,,,
GKP-HL-0704,professional light decorators,professional light decorators,Review: adjacent nonseasonal service intent,No,Yes,No,No,No,No,No,No,professional light decorators,USD,50,0%,0%,Unknown,,,,,,,,,,,,,,,,,,,,,,,,,,,,,,,,
GKP-HL-0705,corporate christmas lights,corporate christmas lights,Review: seasonal but ambiguous intent,Yes,No,No,No,No,No,No,No,corporate christmas lights,USD,50,0%,0%,Unknown,,,,,,,,,,,,,,,,,,,,,,,,,,,,,,,,
GKP-HL-0706,hanging christmas lights cost,hanging christmas lights cost,Review: seasonal but ambiguous intent,Yes,No,No,Yes,No,No,No,No,hanging christmas lights cost,USD,50,0%,0%,Unknown,,,,,,,,,,,,,,,,,,,,,,,,,,,,,,,,
GKP-HL-0707,company decorates house christmas,company decorates house christmas,Candidate: seasonal service intent,Yes,Yes,No,No,Yes,No,No,No,company decorates house christmas,USD,50,0%,-100%,Unknown,,,,,,,,,,,,,,,,,,,,,,,,,,,,,,,,
GKP-HL-0708,easy install christmas tree lights,easy install christmas tree lights,Candidate: seasonal service intent,Yes,Yes,No,No,No,No,No,No,easy install christmas tree lights,USD,50,0%,0%,Unknown,,,,,,,,,,,,,,,,,,,,,,,,,,,,,,,,
GKP-HL-0709,christmas lighting suppliers,christmas lighting suppliers,Review: seasonal but ambiguous intent,Yes,No,No,No,No,No,No,No,christmas lighting suppliers,USD,50,0%,0%,Unknown,,,,,,,,,,,,,,,,,,,,,,,,,,,,,,,,
GKP-HL-0710,dunhill fir 7.5 foot artificial christmas tree,dunhill fir 7.5 foot artificial christmas tree,Review: seasonal but ambiguous intent,Yes,No,No,No,No,No,No,No,dunhill fir 7.5 foot artificial christmas tree,USD,0,0%,0%,Unknown,,,,,,,,,,,,,,,,,,,,,,,,,,,,,,,,
GKP-HL-0711,christmas lights llc,christmas lights llc,Review: seasonal but ambiguous intent,Yes,No,No,No,No,No,No,No,christmas lights llc,USD,50,0%,0%,Unknown,,,,,,,,,,,,,,,,,,,,,,,,,,,,,,,,
GKP-HL-0712,7.5 ft dunhill fir christmas tree,7.5 ft dunhill fir christmas tree,Review: seasonal but ambiguous intent,Yes,No,No,No,No,No,No,No,7.5 ft dunhill fir christmas tree,USD,50,0%,0%,Unknown,,,,,,,,,,,,,,,,,,,,,,,,,,,,,,,,
GKP-HL-0713,hanging christmas lights outdoor trees,hanging christmas lights outdoor trees,Review: seasonal but ambiguous intent,Yes,No,No,No,No,No,No,No,hanging christmas lights outdoor trees,USD,50,0%,0%,Unknown,,,,,,,,,,,,,,,,,,,,,,,,,,,,,,,,
GKP-HL-0714,dunhill fir christmas tree 7.5,dunhill fir christmas tree 7.5,Review: seasonal but ambiguous intent,Yes,No,No,No,No,No,No,No,dunhill fir christmas tree 7.5,USD,50,0%,0%,Unknown,,,,,,,,,,,,,,,,,,,,,,,,,,,,,,,,
GKP-HL-0715,grandlite co ltd christmas lights,grandlite co ltd christmas lights,Review: seasonal but ambiguous intent,Yes,No,No,No,No,No,No,No,grandlite co ltd christmas lights,USD,50,0%,0%,Unknown,,,,,,,,,,,,,,,,,,,,,,,,,,,,,,,,
GKP-HL-0716,pre installed christmas lights,pre installed christmas lights,Candidate: seasonal service intent,Yes,Yes,No,No,No,No,No,No,pre installed christmas lights,USD,50,0%,0%,Unknown,,,,,,,,,,,,,,,,,,,,,,,,,,,,,,,,
GKP-HL-0717,downswept douglas fir christmas tree,downswept douglas fir christmas tree,Review: seasonal but ambiguous intent,Yes,No,No,No,No,No,No,No,downswept douglas fir christmas tree,USD,50,0%,0%,Unknown,,,,,,,,,,,,,,,,,,,,,,,,,,,,,,,,
GKP-HL-0718,dunhill 10 foot christmas tree,dunhill 10 foot christmas tree,Review: seasonal but ambiguous intent,Yes,No,No,No,No,No,No,No,dunhill 10 foot christmas tree,USD,, --, --,Unknown,,,,,,,,,,,,,,,,,,,,,,,,,,,,,,,,
GKP-HL-0719,safely hang christmas lights,safely hang christmas lights,Review: seasonal but ambiguous intent,Yes,No,No,No,No,No,No,No,safely hang christmas lights,USD,50,0%,0%,Unknown,,,,,,,,,,,,,,,,,,,,,,,,,,,,,,,,
GKP-HL-0720,firefighter christmas light installation,firefighter christmas light installation,Candidate: seasonal service intent,Yes,Yes,No,No,No,No,No,No,firefighter christmas light installation,USD,50,0%,0%,Unknown,,,,,,,,,,,,,,,,,,,,,,,,,,,,,,,,
GKP-HL-0721,install lights on house,install lights on house,Review: adjacent nonseasonal service intent,No,Yes,No,No,No,No,No,No,install lights on house,USD,50,0%,0%,Unknown,,,,,,,,,,,,,,,,,,,,,,,,,,,,,,,,
GKP-HL-0722,hickory cedar pre lit christmas tree,hickory cedar pre lit christmas tree,Exclude or review: product/DIY intent,Yes,No,No,No,No,No,No,Yes,hickory cedar pre lit christmas tree,USD,50,0%,0%,Unknown,,,,,,,,,,,,,,,,,,,,,,,,,,,,,,,,
GKP-HL-0723,national tree company 6.5 foot kingswood fir pencil christmas tree,national tree company 6.5 foot kingswood fir pencil christmas tree,Exclude or review: product/DIY intent,Yes,Yes,No,No,No,No,No,Yes,national tree company 6.5 foot kingswood fir pencil christmas tree,USD,0,0%,0%,Unknown,,,,,,,,,,,,,,,,,,,,,,,,,,,,,,,,
GKP-HL-0724,commercial christmas light installation near me,commercial christmas light installation near me,Candidate: seasonal service intent,Yes,Yes,Yes,No,No,Yes,No,No,commercial christmas light installation near me,USD,50,0%,0%,Unknown,,,,,,,,,,,,,,,,,,,,,,,,,,,,,,,,
GKP-HL-0725,cost to hang outdoor christmas lights,cost to hang outdoor christmas lights,Review: seasonal but ambiguous intent,Yes,No,No,Yes,No,No,No,No,cost to hang outdoor christmas lights,USD,0,0%,0%,Unknown,,,,,,,,,,,,,,,,,,,,,,,,,,,,,,,,
GKP-HL-0726,7ft winchester pine christmas tree,7ft winchester pine christmas tree,Review: seasonal but ambiguous intent,Yes,No,No,No,No,No,No,No,7ft winchester pine christmas tree,USD,50,0%,0%,Unknown,,,,,,,,,,,,,,,,,,,,,,,,,,,,,,,,
GKP-HL-0727,best way to hang christmas lights on tree,best way to hang christmas lights on tree,Exclude or review: product/DIY intent,Yes,No,No,No,No,No,No,Yes,best way to hang christmas lights on tree,USD,50,∞,∞,Low,0,,,,,,,,,,,,,,,,,,,,,,,,,,,,,,,
GKP-HL-0728,cost for installing christmas lights,cost for installing christmas lights,Candidate: seasonal service intent,Yes,Yes,No,Yes,No,No,No,No,cost for installing christmas lights,USD,500,0%,0%,Medium,43,1.17,4.68,,,,,,,,,,,,,,,,,,,,,,,,,,,,,
GKP-HL-0729,christmas light hanger company,christmas light hanger company,Candidate: seasonal service intent,Yes,Yes,No,No,No,No,No,No,christmas light hanger company,USD,50,0%,-100%,Unknown,,,,,,,,,,,,,,,,,,,,,,,,,,,,,,,,
GKP-HL-0730,installing c9 lights on roof,installing c9 lights on roof,Review: adjacent nonseasonal service intent,No,Yes,No,No,Yes,No,No,No,installing c9 lights on roof,USD,0,0%,0%,Unknown,,,,,,,,,,,,,,,,,,,,,,,,,,,,,,,,
GKP-HL-0731,christmas home lighting service,christmas home lighting service,Candidate: seasonal service intent,Yes,Yes,No,No,Yes,No,No,No,christmas home lighting service,USD,50,0%,0%,Unknown,,,,,,,,,,,,,,,,,,,,,,,,,,,,,,,,
GKP-HL-0732,christmas lights on gutters with guards,christmas lights on gutters with guards,Review: seasonal but ambiguous intent,Yes,No,No,No,Yes,No,No,No,christmas lights on gutters with guards,USD,50,0%,0%,Unknown,,,,,,,,,,,,,,,,,,,,,,,,,,,,,,,,
GKP-HL-0733,custom exterior christmas lights,custom exterior christmas lights,Review: seasonal but ambiguous intent,Yes,No,No,No,No,No,No,No,custom exterior christmas lights,USD,0,0%,0%,Unknown,,,,,,,,,,,,,,,,,,,,,,,,,,,,,,,,
GKP-HL-0734,hanging christmas outdoor lights,hanging christmas outdoor lights,Review: seasonal but ambiguous intent,Yes,No,No,No,No,No,No,No,hanging christmas outdoor lights,USD,50,0%,0%,High,100,,,,,,,,,,,,,,,,,,,,,,,,,,,,,,,
GKP-HL-0735,installation christmas lights price,installation christmas lights price,Candidate: seasonal service intent,Yes,Yes,No,Yes,No,No,No,No,installation christmas lights price,USD,500,0%,0%,Medium,43,1.17,4.68,,,,,,,,,,,,,,,,,,,,,,,,,,,,,
GKP-HL-0736,holiday lighting design,holiday lighting design,Review: seasonal but ambiguous intent,Yes,No,No,No,No,No,No,No,holiday lighting design,USD,50,∞,0%,Low,0,,,,,,,,,,,,,,,,,,,,,,,,,,,,,,,
GKP-HL-0737,someone to put up my christmas lights,someone to put up my christmas lights,Candidate: seasonal service intent,Yes,Yes,No,No,No,No,No,No,someone to put up my christmas lights,USD,0,0%,0%,Unknown,,,,,,,,,,,,,,,,,,,,,,,,,,,,,,,,
GKP-HL-0738,easy install house christmas lights,easy install house christmas lights,Candidate: seasonal service intent,Yes,Yes,No,No,Yes,No,No,No,easy install house christmas lights,USD,50,0%,0%,Unknown,,,,,,,,,,,,,,,,,,,,,,,,,,,,,,,,
GKP-HL-0739,christmas light hanging prices,christmas light hanging prices,Review: seasonal but ambiguous intent,Yes,No,No,Yes,No,No,No,No,christmas light hanging prices,USD,50,0%,0%,Medium,36,,,,,,,,,,,,,,,,,,,,,,,,,,,,,,,
GKP-HL-0740,tiffany fir artificial christmas tree,tiffany fir artificial christmas tree,Review: seasonal but ambiguous intent,Yes,No,No,No,No,No,No,No,tiffany fir artificial christmas tree,USD,0,0%,0%,Unknown,,,,,,,,,,,,,,,,,,,,,,,,,,,,,,,,
GKP-HL-0741,santa's helpers christmas light installation,santa's helpers christmas light installation,Candidate: seasonal service intent,Yes,Yes,No,No,No,No,No,No,santa's helpers christmas light installation,USD,50,0%,0%,Unknown,,,,,,,,,,,,,,,,,,,,,,,,,,,,,,,,
GKP-HL-0742,average price to install christmas lights,average price to install christmas lights,Candidate: seasonal service intent,Yes,Yes,No,Yes,No,No,No,No,average price to install christmas lights,USD,50,0%,0%,Unknown,,,,,,,,,,,,,,,,,,,,,,,,,,,,,,,,
GKP-HL-0743,custom christmas house lights,custom christmas house lights,Review: seasonal but ambiguous intent,Yes,No,No,No,Yes,No,No,No,custom christmas house lights,USD,, --, --,Unknown,,,,,,,,,,,,,,,,,,,,,,,,,,,,,,,,
GKP-HL-0744,install christmas lights cost,install christmas lights cost,Candidate: seasonal service intent,Yes,Yes,No,Yes,No,No,No,No,install christmas lights cost,USD,500,0%,0%,Medium,43,1.17,4.68,,,,,,,,,,,,,,,,,,,,,,,,,,,,,
GKP-HL-0745,christmas lights incorporated,christmas lights incorporated,Review: seasonal but ambiguous intent,Yes,No,No,No,No,No,No,No,christmas lights incorporated,USD,50,0%,0%,Unknown,,,,,,,,,,,,,,,,,,,,,,,,,,,,,,,,
GKP-HL-0746,installing christmas lights on outdoor trees,installing christmas lights on outdoor trees,Candidate: seasonal service intent,Yes,Yes,No,No,No,No,No,No,installing christmas lights on outdoor trees,USD,50,0%,0%,Unknown,,,,,,,,,,,,,,,,,,,,,,,,,,,,,,,,
GKP-HL-0747,christmas light hanging cost,christmas light hanging cost,Review: seasonal but ambiguous intent,Yes,No,No,Yes,No,No,No,No,christmas light hanging cost,USD,50,0%,0%,Unknown,,,,,,,,,,,,,,,,,,,,,,,,,,,,,,,,
GKP-HL-0748,xmas lights set up,xmas lights set up,Review: seasonal but ambiguous intent,Yes,No,No,No,No,No,No,No,xmas lights set up,USD,50,∞,0%,Low,14,,,,,,,,,,,,,,,,,,,,,,,,,,,,,,,
GKP-HL-0749,holiday lighting & design,holiday lighting & design,Review: seasonal but ambiguous intent,Yes,No,No,No,No,No,No,No,holiday lighting & design,USD,50,0%,0%,Unknown,,,,,,,,,,,,,,,,,,,,,,,,,,,,,,,,
GKP-HL-0750,christmas lights for business,christmas lights for business,Review: seasonal but ambiguous intent,Yes,No,No,No,No,No,No,No,christmas lights for business,USD,50,-100%,-100%,Unknown,,,,,,,,,,,,,,,,,,,,,,,,,,,,,,,,
GKP-HL-0751,yelp christmas light installation,yelp christmas light installation,Candidate: seasonal service intent,Yes,Yes,No,No,No,No,No,No,yelp christmas light installation,USD,50,0%,-100%,Unknown,,,,,,,,,,,,,,,,,,,,,,,,,,,,,,,,
GKP-HL-0752,average price for hanging christmas lights,average price for hanging christmas lights,Review: seasonal but ambiguous intent,Yes,No,No,Yes,No,No,No,No,average price for hanging christmas lights,USD,50,0%,0%,Unknown,,,,,,,,,,,,,,,,,,,,,,,,,,,,,,,,
GKP-HL-0753,christmas light fitting service,christmas light fitting service,Candidate: seasonal service intent,Yes,Yes,No,No,No,No,No,No,christmas light fitting service,USD,50,0%,0%,Unknown,,,,,,,,,,,,,,,,,,,,,,,,,,,,,,,,
GKP-HL-0754,9 ft north valley spruce artificial christmas tree,9 ft north valley spruce artificial christmas tree,Review: seasonal but ambiguous intent,Yes,No,No,No,No,No,No,No,9 ft north valley spruce artificial christmas tree,USD,0,0%,0%,Unknown,,,,,,,,,,,,,,,,,,,,,,,,,,,,,,,,
GKP-HL-0755,christmas lights to put in window,christmas lights to put in window,Review: seasonal but ambiguous intent,Yes,No,No,No,No,No,No,No,christmas lights to put in window,USD,50,0%,0%,Unknown,,,,,,,,,,,,,,,,,,,,,,,,,,,,,,,,
GKP-HL-0756,hanging porch christmas lights,hanging porch christmas lights,Review: seasonal but ambiguous intent,Yes,No,No,No,No,No,No,No,hanging porch christmas lights,USD,50,∞,∞,High,100,,,,,,,,,,,,,,,,,,,,,,,,,,,,,,,
GKP-HL-0757,putting up outdoor lights,putting up outdoor lights,Exclude or review: unrelated/ambiguous,No,No,No,No,No,No,No,No,putting up outdoor lights,USD,50,0%,0%,Unknown,,,,,,,,,,,,,,,,,,,,,,,,,,,,,,,,
GKP-HL-0758,best permanent lights for house,best permanent lights for house,Exclude or verify: permanent lighting,No,No,No,No,No,No,Yes,No,best permanent lights for house,USD,50,∞,0%,High,100,0.85,3.60,,,,,,,,,,,,,,,,,,,,,,,,,,,,,
GKP-HL-0759,dunhill fir artificial christmas tree 7.5 ft,dunhill fir artificial christmas tree 7.5 ft,Review: seasonal but ambiguous intent,Yes,No,No,No,No,No,No,No,dunhill fir artificial christmas tree 7.5 ft,USD,50,0%,0%,Unknown,,,,,,,,,,,,,,,,,,,,,,,,,,,,,,,,
GKP-HL-0760,christmas decor lighting service,christmas decor lighting service,Candidate: seasonal service intent,Yes,Yes,No,No,No,No,No,No,christmas decor lighting service,USD,50,0%,-100%,Unknown,,,,,,,,,,,,,,,,,,,,,,,,,,,,,,,,
GKP-HL-0761,hanging christmas lights clips,hanging christmas lights clips,Exclude or review: product/DIY intent,Yes,No,No,No,No,No,No,Yes,hanging christmas lights clips,USD,50,0%,0%,Unknown,,,,,,,,,,,,,,,,,,,,,,,,,,,,,,,,
GKP-HL-0762,christmas lights professional near me,christmas lights professional near me,Candidate: seasonal service intent,Yes,Yes,Yes,No,No,No,No,No,christmas lights professional near me,USD,50,0%,0%,Unknown,,,,,,,,,,,,,,,,,,,,,,,,,,,,,,,,
GKP-HL-0763,national christmas tree carolina pine,national christmas tree carolina pine,Review: seasonal but ambiguous intent,Yes,No,No,No,No,No,No,No,national christmas tree carolina pine,USD,0,0%,0%,Unknown,,,,,,,,,,,,,,,,,,,,,,,,,,,,,,,,
GKP-HL-0764,home depot dunhill fir tree,home depot dunhill fir tree,Exclude or review: unrelated/ambiguous,No,No,No,No,Yes,No,No,Yes,home depot dunhill fir tree,USD,50,0%,0%,Unknown,,,,,,,,,,,,,,,,,,,,,,,,,,,,,,,,
GKP-HL-0765,cost to put lights on house,cost to put lights on house,Exclude or review: unrelated/ambiguous,No,No,No,Yes,No,No,No,No,cost to put lights on house,USD,50,0%,0%,Unknown,,,,,,,,,,,,,,,,,,,,,,,,,,,,,,,,
GKP-HL-0766,outdoor christmas lighting services near me,outdoor christmas lighting services near me,Candidate: seasonal service intent,Yes,Yes,Yes,No,No,No,No,No,outdoor christmas lighting services near me,USD,50,0%,0%,Unknown,,,,,,,,,,,,,,,,,,,,,,,,,,,,,,,,
GKP-HL-0767,christmas light assembly,christmas light assembly,Review: seasonal but ambiguous intent,Yes,No,No,No,No,No,No,No,christmas light assembly,USD,50,0%,0%,Unknown,,,,,,,,,,,,,,,,,,,,,,,,,,,,,,,,
GKP-HL-0768,holiday lighting and design,holiday lighting and design,Review: seasonal but ambiguous intent,Yes,No,No,No,No,No,No,No,holiday lighting and design,USD,, --, --,Unknown,,,,,,,,,,,,,,,,,,,,,,,,,,,,,,,,
GKP-HL-0769,custom christmas light installation,custom christmas light installation,Candidate: seasonal service intent,Yes,Yes,No,No,No,No,No,No,custom christmas light installation,USD,50,∞,0%,Low,0,,,,,,,,,,,,,,,,,,,,,,,,,,,,,,,
GKP-HL-0770,pre lit christmas tree white company,pre lit christmas tree white company,Exclude or review: product/DIY intent,Yes,Yes,No,No,No,No,No,Yes,pre lit christmas tree white company,USD,0,0%,0%,Unknown,,,,,,,,,,,,,,,,,,,,,,,,,,,,,,,,
GKP-HL-0771,average cost of professional christmas light installation,average cost of professional christmas light installation,Candidate: seasonal service intent,Yes,Yes,No,Yes,No,No,No,No,average cost of professional christmas light installation,USD,50,0%,0%,Unknown,,,,,,,,,,,,,,,,,,,,,,,,,,,,,,,,
GKP-HL-0772,christmas lights and gutter guards,christmas lights and gutter guards,Review: seasonal but ambiguous intent,Yes,No,No,No,Yes,No,No,No,christmas lights and gutter guards,USD,50,0%,0%,Medium,57,,,,,,,,,,,,,,,,,,,,,,,,,,,,,,,
GKP-HL-0773,hanging christmas lights outdoor clips,hanging christmas lights outdoor clips,Exclude or review: product/DIY intent,Yes,No,No,No,No,No,No,Yes,hanging christmas lights outdoor clips,USD,50,0%,0%,Unknown,,,,,,,,,,,,,,,,,,,,,,,,,,,,,,,,
GKP-HL-0774,dunhill white fir christmas tree,dunhill white fir christmas tree,Review: seasonal but ambiguous intent,Yes,No,No,No,No,No,No,No,dunhill white fir christmas tree,USD,50,0%,0%,Unknown,,,,,,,,,,,,,,,,,,,,,,,,,,,,,,,,
GKP-HL-0775,9 ft jackson noble fir pre lit led,9 ft jackson noble fir pre lit led,Exclude or review: unrelated/ambiguous,No,No,No,No,No,No,No,Yes,9 ft jackson noble fir pre lit led,USD,50,0%,0%,Unknown,,,,,,,,,,,,,,,,,,,,,,,,,,,,,,,,
GKP-HL-0776,easy way hang christmas lights outdoor,easy way hang christmas lights outdoor,Review: seasonal but ambiguous intent,Yes,No,No,No,No,No,No,No,easy way hang christmas lights outdoor,USD,50,0%,0%,Unknown,,,,,,,,,,,,,,,,,,,,,,,,,,,,,,,,
GKP-HL-0777,clips to hang christmas lights with gutter guards,clips to hang christmas lights with gutter guards,Exclude or review: product/DIY intent,Yes,No,No,No,Yes,No,No,Yes,clips to hang christmas lights with gutter guards,USD,50,0%,0%,Unknown,,,,,,,,,,,,,,,,,,,,,,,,,,,,,,,,
GKP-HL-0778,christmas tree lights professional installation,christmas tree lights professional installation,Candidate: seasonal service intent,Yes,Yes,No,No,No,No,No,No,christmas tree lights professional installation,USD,50,0%,0%,Unknown,,,,,,,,,,,,,,,,,,,,,,,,,,,,,,,,
GKP-HL-0779,professional christmas light decorators near me,professional christmas light decorators near me,Candidate: seasonal service intent,Yes,Yes,Yes,No,No,No,No,No,professional christmas light decorators near me,USD,0,0%,0%,Unknown,,,,,,,,,,,,,,,,,,,,,,,,,,,,,,,,
GKP-HL-0780,12 ft kingswood fir pencil artificial christmas tree,12 ft kingswood fir pencil artificial christmas tree,Review: seasonal but ambiguous intent,Yes,No,No,No,No,No,No,No,12 ft kingswood fir pencil artificial christmas tree,USD,0,0%,0%,Unknown,,,,,,,,,,,,,,,,,,,,,,,,,,,,,,,,
GKP-HL-0781,4 ft dunhill fir artificial christmas tree with clear lights,4 ft dunhill fir artificial christmas tree with clear lights,Review: seasonal but ambiguous intent,Yes,No,No,No,No,No,No,No,4 ft dunhill fir artificial christmas tree with clear lights,USD,0,0%,0%,Unknown,,,,,,,,,,,,,,,,,,,,,,,,,,,,,,,,
GKP-HL-0782,4 ft dunhill fir christmas tree,4 ft dunhill fir christmas tree,Review: seasonal but ambiguous intent,Yes,No,No,No,No,No,No,No,4 ft dunhill fir christmas tree,USD,50,0%,0%,Unknown,,,,,,,,,,,,,,,,,,,,,,,,,,,,,,,,
GKP-HL-0783,6 ft dunhill fir artificial christmas tree with clear lights,6 ft dunhill fir artificial christmas tree with clear lights,Review: seasonal but ambiguous intent,Yes,No,No,No,No,No,No,No,6 ft dunhill fir artificial christmas tree with clear lights,USD,50,0%,0%,Unknown,,,,,,,,,,,,,,,,,,,,,,,,,,,,,,,,
GKP-HL-0784,6.5 ft dunhill fir full artificial christmas tree,6.5 ft dunhill fir full artificial christmas tree,Review: seasonal but ambiguous intent,Yes,No,No,No,No,No,No,No,6.5 ft dunhill fir full artificial christmas tree,USD,0,0%,0%,Unknown,,,,,,,,,,,,,,,,,,,,,,,,,,,,,,,,
GKP-HL-0785,6.5 ft dunhill fir slim artificial christmas tree,6.5 ft dunhill fir slim artificial christmas tree,Review: seasonal but ambiguous intent,Yes,No,No,No,No,No,No,No,6.5 ft dunhill fir slim artificial christmas tree,USD,50,0%,0%,Unknown,,,,,,,,,,,,,,,,,,,,,,,,,,,,,,,,
GKP-HL-0786,6.5 pre lit dunhill fir artificial christmas tree,6.5 pre lit dunhill fir artificial christmas tree,Exclude or review: product/DIY intent,Yes,No,No,No,No,No,No,Yes,6.5 pre lit dunhill fir artificial christmas tree,USD,50,0%,0%,Unknown,,,,,,,,,,,,,,,,,,,,,,,,,,,,,,,,
GKP-HL-0787,6.5 prelit north valley spruce artificial christmas tree,6.5 prelit north valley spruce artificial christmas tree,Review: seasonal but ambiguous intent,Yes,No,No,No,No,No,No,No,6.5 prelit north valley spruce artificial christmas tree,USD,, --, --,Unknown,,,,,,,,,,,,,,,,,,,,,,,,,,,,,,,,
GKP-HL-0788,6ft kincaid spruce artificial christmas tree,6ft kincaid spruce artificial christmas tree,Review: seasonal but ambiguous intent,Yes,No,No,No,No,No,No,No,6ft kincaid spruce artificial christmas tree,USD,0,0%,0%,Unknown,,,,,,,,,,,,,,,,,,,,,,,,,,,,,,,,
GKP-HL-0789,6ft pre lit kingswood slim christmas tree,6ft pre lit kingswood slim christmas tree,Exclude or review: product/DIY intent,Yes,No,No,No,No,No,No,Yes,6ft pre lit kingswood slim christmas tree,USD,0,0%,0%,Unknown,,,,,,,,,,,,,,,,,,,,,,,,,,,,,,,,
GKP-HL-0790,7 ft dunhill fir hinged artificial christmas tree,7 ft dunhill fir hinged artificial christmas tree,Review: seasonal but ambiguous intent,Yes,No,No,No,No,No,No,No,7 ft dunhill fir hinged artificial christmas tree,USD,50,0%,0%,Unknown,,,,,,,,,,,,,,,,,,,,,,,,,,,,,,,,
GKP-HL-0791,7 ft kingswood fir pencil hinged artificial christmas tree,7 ft kingswood fir pencil hinged artificial christmas tree,Review: seasonal but ambiguous intent,Yes,No,No,No,No,No,No,No,7 ft kingswood fir pencil hinged artificial christmas tree,USD,0,0%,0%,Unknown,,,,,,,,,,,,,,,,,,,,,,,,,,,,,,,,
GKP-HL-0792,7.5 ft dunhill fir full artificial christmas tree,7.5 ft dunhill fir full artificial christmas tree,Review: seasonal but ambiguous intent,Yes,No,No,No,No,No,No,No,7.5 ft dunhill fir full artificial christmas tree,USD,0,0%,0%,Unknown,,,,,,,,,,,,,,,,,,,,,,,,,,,,,,,,
GKP-HL-0793,7.5 ft pre lit north valley spruce artificial christmas tree,7.5 ft pre lit north valley spruce artificial christmas tree,Exclude or review: product/DIY intent,Yes,No,No,No,No,No,No,Yes,7.5 ft pre lit north valley spruce artificial christmas tree,USD,50,0%,0%,Unknown,,,,,,,,,,,,,,,,,,,,,,,,,,,,,,,,
GKP-HL-0794,7.5 ft winchester white pine artificial christmas tree,7.5 ft winchester white pine artificial christmas tree,Review: seasonal but ambiguous intent,Yes,No,No,No,No,No,No,No,7.5 ft winchester white pine artificial christmas tree,USD,50,0%,0%,Unknown,,,,,,,,,,,,,,,,,,,,,,,,,,,,,,,,
GKP-HL-0795,algonquin christmas lights installation,algonquin christmas lights installation,Candidate: seasonal service intent,Yes,Yes,No,No,No,No,No,No,algonquin christmas lights installation,USD,, --, --,Unknown,,,,,,,,,,,,,,,,,,,,,,,,,,,,,,,,
GKP-HL-0796,algonquin christmas lights installation services,algonquin christmas lights installation services,Candidate: seasonal service intent,Yes,Yes,No,No,No,No,No,No,algonquin christmas lights installation services,USD,0,0%,0%,Unknown,,,,,,,,,,,,,,,,,,,,,,,,,,,,,,,,
GKP-HL-0797,all american christmas co,all american christmas co,Review: seasonal but ambiguous intent,Yes,No,No,No,No,No,No,No,all american christmas co,USD,50,∞,∞,Low,0,,,,,,,,,,,,,,,,,,,,,,,,,,,,,,,
GKP-HL-0798,all pro christmas lighting,all pro christmas lighting,Review: seasonal but ambiguous intent,Yes,No,No,No,No,No,No,No,all pro christmas lighting,USD,, --, --,Unknown,,,,,,,,,,,,,,,,,,,,,,,,,,,,,,,,
GKP-HL-0799,alpine corporation hanukkah decoration lights,alpine corporation hanukkah decoration lights,Exclude or review: unrelated/ambiguous,No,No,No,No,No,No,No,No,alpine corporation hanukkah decoration lights,USD,0,0%,0%,Unknown,,,,,,,,,,,,,,,,,,,,,,,,,,,,,,,,
GKP-HL-0800,american lighting holiday lighting,american lighting holiday lighting,Review: seasonal but ambiguous intent,Yes,No,No,No,No,No,No,No,american lighting holiday lighting,USD,0,0%,0%,Unknown,,,,,,,,,,,,,,,,,,,,,,,,,,,,,,,,
GKP-HL-0801,angi angi316 christmas light installation 200 300 ft,angi angi316 christmas light installation 200 300 ft,Candidate: seasonal service intent,Yes,Yes,No,No,No,No,No,No,angi angi316 christmas light installation 200 300 ft,USD,0,0%,0%,Unknown,,,,,,,,,,,,,,,,,,,,,,,,,,,,,,,,
GKP-HL-0802,angi christmas light installation,angi christmas light installation,Candidate: seasonal service intent,Yes,Yes,No,No,No,No,No,No,angi christmas light installation,USD,50,0%,0%,Unknown,,,,,,,,,,,,,,,,,,,,,,,,,,,,,,,,
GKP-HL-0803,ashland brand christmas lights,ashland brand christmas lights,Review: seasonal but ambiguous intent,Yes,No,No,No,No,No,No,No,ashland brand christmas lights,USD,0,0%,0%,Unknown,,,,,,,,,,,,,,,,,,,,,,,,,,,,,,,,
GKP-HL-0804,attaching christmas lights to gutter,attaching christmas lights to gutter,Review: seasonal but ambiguous intent,Yes,No,No,No,Yes,No,No,No,attaching christmas lights to gutter,USD,50,0%,0%,High,100,,,,,,,,,,,,,,,,,,,,,,,,,,,,,,,
GKP-HL-0805,attaching outdoor christmas lights,attaching outdoor christmas lights,Review: seasonal but ambiguous intent,Yes,No,No,No,No,No,No,No,attaching outdoor christmas lights,USD,50,∞,∞,High,86,,,,,,,,,,,,,,,,,,,,,,,,,,,,,,,
GKP-HL-0806,average cost for professional christmas lights,average cost for professional christmas lights,Candidate: seasonal service intent,Yes,Yes,No,Yes,No,No,No,No,average cost for professional christmas lights,USD,50,0%,0%,Unknown,,,,,,,,,,,,,,,,,,,,,,,,,,,,,,,,
GKP-HL-0807,average cost of christmas lights service,average cost of christmas lights service,Candidate: seasonal service intent,Yes,Yes,No,Yes,No,No,No,No,average cost of christmas lights service,USD,50,0%,0%,Unknown,,,,,,,,,,,,,,,,,,,,,,,,,,,,,,,,
GKP-HL-0808,average cost of hanging christmas lights,average cost of hanging christmas lights,Review: seasonal but ambiguous intent,Yes,No,No,Yes,No,No,No,No,average cost of hanging christmas lights,USD,50,0%,0%,Unknown,,,,,,,,,,,,,,,,,,,,,,,,,,,,,,,,
GKP-HL-0809,average cost of installing christmas lights,average cost of installing christmas lights,Candidate: seasonal service intent,Yes,Yes,No,Yes,No,No,No,No,average cost of installing christmas lights,USD,50,0%,-100%,Unknown,,,,,,,,,,,,,,,,,,,,,,,,,,,,,,,,
GKP-HL-0810,average cost to have christmas lights hung,average cost to have christmas lights hung,Review: seasonal but ambiguous intent,Yes,No,No,Yes,No,No,No,No,average cost to have christmas lights hung,USD,50,0%,0%,Unknown,,,,,,,,,,,,,,,,,,,,,,,,,,,,,,,,
GKP-HL-0811,average price to have christmas lights installed,average price to have christmas lights installed,Candidate: seasonal service intent,Yes,Yes,No,Yes,No,No,No,No,average price to have christmas lights installed,USD,50,0%,0%,Unknown,,,,,,,,,,,,,,,,,,,,,,,,,,,,,,,,
GKP-HL-0812,bayberry spruce pre lit christmas tree,bayberry spruce pre lit christmas tree,Exclude or review: product/DIY intent,Yes,No,No,No,No,No,No,Yes,bayberry spruce pre lit christmas tree,USD,, --, --,Unknown,,,,,,,,,,,,,,,,,,,,,,,,,,,,,,,,
GKP-HL-0813,best brand led christmas lights,best brand led christmas lights,Review: seasonal but ambiguous intent,Yes,No,No,No,No,No,No,No,best brand led christmas lights,USD,50,0%,0%,Unknown,,,,,,,,,,,,,,,,,,,,,,,,,,,,,,,,
GKP-HL-0814,best christmas light for roof,best christmas light for roof,Review: seasonal but ambiguous intent,Yes,No,No,No,Yes,No,No,No,best christmas light for roof,USD,50,0%,0%,Unknown,,,,,,,,,,,,,,,,,,,,,,,,,,,,,,,,
GKP-HL-0815,best christmas lights design,best christmas lights design,Review: seasonal but ambiguous intent,Yes,No,No,No,No,No,No,No,best christmas lights design,USD,50,0%,0%,Unknown,,,,,,,,,,,,,,,,,,,,,,,,,,,,,,,,
GKP-HL-0816,best way to attach lights to house,best way to attach lights to house,Exclude or review: unrelated/ambiguous,No,No,No,No,No,No,No,Yes,best way to attach lights to house,USD,50,0%,0%,Unknown,,,,,,,,,,,,,,,,,,,,,,,,,,,,,,,,
GKP-HL-0817,best way to hang c9 lights,best way to hang c9 lights,Exclude or review: unrelated/ambiguous,No,No,No,No,No,No,No,Yes,best way to hang c9 lights,USD,, --, --,Unknown,,,,,,,,,,,,,,,,,,,,,,,,,,,,,,,,
GKP-HL-0818,best way to hang christmas lights around outside windows,best way to hang christmas lights around outside windows,Exclude or review: product/DIY intent,Yes,No,No,No,No,No,No,Yes,best way to hang christmas lights around outside windows,USD,50,0%,0%,Unknown,,,,,,,,,,,,,,,,,,,,,,,,,,,,,,,,
GKP-HL-0819,best way to hang christmas lights from ceiling,best way to hang christmas lights from ceiling,Exclude or review: product/DIY intent,Yes,No,No,No,No,No,No,Yes,best way to hang christmas lights from ceiling,USD,50,0%,0%,Unknown,,,,,,,,,,,,,,,,,,,,,,,,,,,,,,,,
GKP-HL-0820,best way to hang christmas lights in windows,best way to hang christmas lights in windows,Exclude or review: product/DIY intent,Yes,No,No,No,No,No,No,Yes,best way to hang christmas lights in windows,USD,50,0%,0%,Unknown,,,,,,,,,,,,,,,,,,,,,,,,,,,,,,,,
GKP-HL-0821,best way to hang christmas lights inside windows,best way to hang christmas lights inside windows,Exclude or review: product/DIY intent,Yes,No,No,No,No,No,No,Yes,best way to hang christmas lights inside windows,USD,50,0%,0%,Unknown,,,,,,,,,,,,,,,,,,,,,,,,,,,,,,,,
GKP-HL-0822,best way to hang christmas lights on ceiling,best way to hang christmas lights on ceiling,Exclude or review: product/DIY intent,Yes,No,No,No,No,No,No,Yes,best way to hang christmas lights on ceiling,USD,50,0%,0%,Unknown,,,,,,,,,,,,,,,,,,,,,,,,,,,,,,,,
GKP-HL-0823,best way to hang christmas lights on high roof,best way to hang christmas lights on high roof,Exclude or review: product/DIY intent,Yes,No,No,No,Yes,No,No,Yes,best way to hang christmas lights on high roof,USD,50,0%,0%,Unknown,,,,,,,,,,,,,,,,,,,,,,,,,,,,,,,,
GKP-HL-0824,best way to hang christmas lights on house without gutters,best way to hang christmas lights on house without gutters,Exclude or review: product/DIY intent,Yes,No,No,No,Yes,No,No,Yes,best way to hang christmas lights on house without gutters,USD,50,0%,0%,Unknown,,,,,,,,,,,,,,,,,,,,,,,,,,,,,,,,
GKP-HL-0825,best way to hang christmas lights on inside windows,best way to hang christmas lights on inside windows,Exclude or review: product/DIY intent,Yes,No,No,No,No,No,No,Yes,best way to hang christmas lights on inside windows,USD,50,0%,0%,Unknown,,,,,,,,,,,,,,,,,,,,,,,,,,,,,,,,
GKP-HL-0826,best way to hang christmas lights on outdoor trees,best way to hang christmas lights on outdoor trees,Exclude or review: product/DIY intent,Yes,No,No,No,No,No,No,Yes,best way to hang christmas lights on outdoor trees,USD,50,0%,0%,Unknown,,,,,,,,,,,,,,,,,,,,,,,,,,,,,,,,
GKP-HL-0827,best way to hang christmas lights on porch,best way to hang christmas lights on porch,Exclude or review: product/DIY intent,Yes,No,No,No,No,No,No,Yes,best way to hang christmas lights on porch,USD,50,0%,0%,Unknown,,,,,,,,,,,,,,,,,,,,,,,,,,,,,,,,
GKP-HL-0828,best way to hang christmas lights on shingles,best way to hang christmas lights on shingles,Exclude or review: product/DIY intent,Yes,No,No,No,No,No,No,Yes,best way to hang christmas lights on shingles,USD,50,0%,0%,Unknown,,,,,,,,,,,,,,,,,,,,,,,,,,,,,,,,
GKP-HL-0829,best way to hang christmas lights on the house,best way to hang christmas lights on the house,Exclude or review: product/DIY intent,Yes,No,No,No,No,No,No,Yes,best way to hang christmas lights on the house,USD,50,0%,0%,Unknown,,,,,,,,,,,,,,,,,,,,,,,,,,,,,,,,
GKP-HL-0830,best way to hang christmas lights on trees outside,best way to hang christmas lights on trees outside,Exclude or review: product/DIY intent,Yes,No,No,No,No,No,No,Yes,best way to hang christmas lights on trees outside,USD,50,0%,0%,Unknown,,,,,,,,,,,,,,,,,,,,,,,,,,,,,,,,
GKP-HL-0831,best way to hang christmas lights on wall,best way to hang christmas lights on wall,Exclude or review: product/DIY intent,Yes,No,No,No,No,No,No,Yes,best way to hang christmas lights on wall,USD,50,0%,-100%,Unknown,,,,,,,,,,,,,,,,,,,,,,,,,,,,,,,,
GKP-HL-0832,best way to hang christmas lights outside without gutters,best way to hang christmas lights outside without gutters,Exclude or review: product/DIY intent,Yes,No,No,No,Yes,No,No,Yes,best way to hang christmas lights outside without gutters,USD,, --, --,Unknown,,,,,,,,,,,,,,,,,,,,,,,,,,,,,,,,
GKP-HL-0833,best way to hang holiday lights,best way to hang holiday lights,Exclude or review: product/DIY intent,Yes,No,No,No,No,No,No,Yes,best way to hang holiday lights,USD,50,0%,0%,Unknown,,,,,,,,,,,,,,,,,,,,,,,,,,,,,,,,
GKP-HL-0834,best way to hang lights on roof,best way to hang lights on roof,Exclude or review: unrelated/ambiguous,No,No,No,No,Yes,No,No,Yes,best way to hang lights on roof,USD,50,0%,0%,Unknown,,,,,,,,,,,,,,,,,,,,,,,,,,,,,,,,
GKP-HL-0835,best way to hang up christmas lights outdoor,best way to hang up christmas lights outdoor,Exclude or review: product/DIY intent,Yes,No,No,No,No,No,No,Yes,best way to hang up christmas lights outdoor,USD,50,0%,0%,Unknown,,,,,,,,,,,,,,,,,,,,,,,,,,,,,,,,
GKP-HL-0836,best way to hang xmas lights on house,best way to hang xmas lights on house,Exclude or review: product/DIY intent,Yes,No,No,No,No,No,No,Yes,best way to hang xmas lights on house,USD,50,0%,0%,Unknown,,,,,,,,,,,,,,,,,,,,,,,,,,,,,,,,
GKP-HL-0837,best way to hang xmas lights outdoor,best way to hang xmas lights outdoor,Exclude or review: product/DIY intent,Yes,No,No,No,No,No,No,Yes,best way to hang xmas lights outdoor,USD,0,0%,0%,Unknown,,,,,,,,,,,,,,,,,,,,,,,,,,,,,,,,
GKP-HL-0838,best way to install christmas lights,best way to install christmas lights,Exclude or review: product/DIY intent,Yes,Yes,No,No,No,No,No,Yes,best way to install christmas lights,USD,50,0%,0%,Unknown,,,,,,,,,,,,,,,,,,,,,,,,,,,,,,,,
GKP-HL-0839,best way to install christmas lights on roof,best way to install christmas lights on roof,Exclude or review: product/DIY intent,Yes,Yes,No,No,Yes,No,No,Yes,best way to install christmas lights on roof,USD,50,0%,0%,Unknown,,,,,,,,,,,,,,,,,,,,,,,,,,,,,,,,
GKP-HL-0840,best way to install christmas tree lights,best way to install christmas tree lights,Exclude or review: product/DIY intent,Yes,Yes,No,No,No,No,No,Yes,best way to install christmas tree lights,USD,50,0%,0%,Unknown,,,,,,,,,,,,,,,,,,,,,,,,,,,,,,,,
GKP-HL-0841,best way to install outdoor christmas lights,best way to install outdoor christmas lights,Exclude or review: product/DIY intent,Yes,Yes,No,No,No,No,No,Yes,best way to install outdoor christmas lights,USD,50,0%,0%,Unknown,,,,,,,,,,,,,,,,,,,,,,,,,,,,,,,,
GKP-HL-0842,best way to put christmas lights around windows,best way to put christmas lights around windows,Exclude or review: product/DIY intent,Yes,No,No,No,No,No,No,Yes,best way to put christmas lights around windows,USD,50,0%,0%,Unknown,,,,,,,,,,,,,,,,,,,,,,,,,,,,,,,,
GKP-HL-0843,best way to put christmas lights in windows,best way to put christmas lights in windows,Exclude or review: product/DIY intent,Yes,No,No,No,No,No,No,Yes,best way to put christmas lights in windows,USD,50,0%,0%,Unknown,,,,,,,,,,,,,,,,,,,,,,,,,,,,,,,,
GKP-HL-0844,best way to put up christmas lights around windows,best way to put up christmas lights around windows,Exclude or review: product/DIY intent,Yes,Yes,No,No,No,No,No,Yes,best way to put up christmas lights around windows,USD,0,0%,0%,Unknown,,,,,,,,,,,,,,,,,,,,,,,,,,,,,,,,
GKP-HL-0845,best way to put up christmas lights on house,best way to put up christmas lights on house,Exclude or review: product/DIY intent,Yes,Yes,No,No,No,No,No,Yes,best way to put up christmas lights on house,USD,50,0%,0%,Unknown,,,,,,,,,,,,,,,,,,,,,,,,,,,,,,,,
GKP-HL-0846,best way to put up christmas lights on stucco,best way to put up christmas lights on stucco,Exclude or review: product/DIY intent,Yes,Yes,No,No,No,No,No,Yes,best way to put up christmas lights on stucco,USD,, --, --,Unknown,,,,,,,,,,,,,,,,,,,,,,,,,,,,,,,,
GKP-HL-0847,best way to put up christmas lights on tree,best way to put up christmas lights on tree,Exclude or review: product/DIY intent,Yes,Yes,No,No,No,No,No,Yes,best way to put up christmas lights on tree,USD,50,0%,0%,Unknown,,,,,,,,,,,,,,,,,,,,,,,,,,,,,,,,
GKP-HL-0848,best way to put up christmas lights outside,best way to put up christmas lights outside,Exclude or review: product/DIY intent,Yes,Yes,No,No,No,No,No,Yes,best way to put up christmas lights outside,USD,50,0%,-100%,Unknown,,,,,,,,,,,,,,,,,,,,,,,,,,,,,,,,
GKP-HL-0849,best way to put up fairy lights,best way to put up fairy lights,Review: adjacent nonseasonal service intent,No,Yes,No,No,No,No,No,Yes,best way to put up fairy lights,USD,50,0%,0%,Unknown,,,,,,,,,,,,,,,,,,,,,,,,,,,,,,,,
GKP-HL-0850,best way to put up lights,best way to put up lights,Review: adjacent nonseasonal service intent,No,Yes,No,No,No,No,No,Yes,best way to put up lights,USD,, --, --,Unknown,,,,,,,,,,,,,,,,,,,,,,,,,,,,,,,,
GKP-HL-0851,best way to put up outdoor christmas lights,best way to put up outdoor christmas lights,Exclude or review: product/DIY intent,Yes,Yes,No,No,No,No,No,Yes,best way to put up outdoor christmas lights,USD,50,0%,-100%,Unknown,,,,,,,,,,,,,,,,,,,,,,,,,,,,,,,,
GKP-HL-0852,best way to put up xmas lights,best way to put up xmas lights,Exclude or review: product/DIY intent,Yes,Yes,No,No,No,No,No,Yes,best way to put up xmas lights,USD,50,0%,0%,Unknown,,,,,,,,,,,,,,,,,,,,,,,,,,,,,,,,
GKP-HL-0853,bright christmas lights llc,bright christmas lights llc,Review: seasonal but ambiguous intent,Yes,No,No,No,No,No,No,No,bright christmas lights llc,USD,, --, --,Unknown,,,,,,,,,,,,,,,,,,,,,,,,,,,,,,,,
GKP-HL-0854,bright light holiday company,bright light holiday company,Candidate: seasonal service intent,Yes,Yes,No,No,No,No,No,No,bright light holiday company,USD,0,0%,0%,Unknown,,,,,,,,,,,,,,,,,,,,,,,,,,,,,,,,
GKP-HL-0855,c9 christmas light installation,c9 christmas light installation,Candidate: seasonal service intent,Yes,Yes,No,No,No,No,No,No,c9 christmas light installation,USD,50,0%,0%,Unknown,,,,,,,,,,,,,,,,,,,,,,,,,,,,,,,,
GKP-HL-0856,canadian christmas light suppliers,canadian christmas light suppliers,Review: seasonal but ambiguous intent,Yes,No,No,No,No,No,No,No,canadian christmas light suppliers,USD,0,0%,0%,Unknown,,,,,,,,,,,,,,,,,,,,,,,,,,,,,,,,
GKP-HL-0857,cherry hill christmas light installation near me,cherry hill christmas light installation near me,Candidate: seasonal service intent,Yes,Yes,Yes,No,No,No,No,No,cherry hill christmas light installation near me,USD,0,0%,0%,Unknown,,,,,,,,,,,,,,,,,,,,,,,,,,,,,,,,
GKP-HL-0858,cherry hill christmas light installers near me,cherry hill christmas light installers near me,Candidate: seasonal service intent,Yes,Yes,Yes,No,No,No,No,No,cherry hill christmas light installers near me,USD,0,0%,0%,Unknown,,,,,,,,,,,,,,,,,,,,,,,,,,,,,,,,
GKP-HL-0859,christmas decor company near me,christmas decor company near me,Candidate: seasonal service intent,Yes,Yes,Yes,No,No,No,No,No,christmas decor company near me,USD,50,∞,0%,Medium,60,0.85,3.90,,,,,,,,,,,,,,,,,,,,,,,,,,,,,
GKP-HL-0860,christmas decor holiday lighting,christmas decor holiday lighting,Review: seasonal but ambiguous intent,Yes,No,No,No,No,No,No,No,christmas decor holiday lighting,USD,50,0%,0%,Low,0,,,,,,,,,,,,,,,,,,,,,,,,,,,,,,,
GKP-HL-0861,christmas decor professional,christmas decor professional,Candidate: seasonal service intent,Yes,Yes,No,No,No,No,No,No,christmas decor professional,USD,50,0%,-100%,Unknown,,,,,,,,,,,,,,,,,,,,,,,,,,,,,,,,
GKP-HL-0862,christmas decor rental near me,christmas decor rental near me,Review: seasonal but ambiguous intent,Yes,No,Yes,No,No,No,No,No,christmas decor rental near me,USD,50,0%,0%,High,80,1.93,4.91,,,,,,,,,,,,,,,,,,,,,,,,,,,,,
GKP-HL-0863,christmas display companies,christmas display companies,Review: seasonal but ambiguous intent,Yes,No,No,No,No,No,No,No,christmas display companies,USD,50,-100%,0%,Unknown,,,,,,,,,,,,,,,,,,,,,,,,,,,,,,,,
GKP-HL-0864,christmas light brand,christmas light brand,Review: seasonal but ambiguous intent,Yes,No,No,No,No,No,No,No,christmas light brand,USD,50,-100%,-100%,Unknown,,,,,,,,,,,,,,,,,,,,,,,,,,,,,,,,
GKP-HL-0865,christmas light clips installation,christmas light clips installation,Exclude or review: product/DIY intent,Yes,Yes,No,No,No,No,No,Yes,christmas light clips installation,USD,50,0%,0%,Unknown,,,,,,,,,,,,,,,,,,,,,,,,,,,,,,,,
GKP-HL-0866,christmas light decorating business,christmas light decorating business,Review: seasonal but ambiguous intent,Yes,No,No,No,No,No,No,No,christmas light decorating business,USD,50,0%,0%,Unknown,,,,,,,,,,,,,,,,,,,,,,,,,,,,,,,,
GKP-HL-0867,christmas light design and installation,christmas light design and installation,Candidate: seasonal service intent,Yes,Yes,No,No,No,No,No,No,christmas light design and installation,USD,0,0%,0%,Unknown,,,,,,,,,,,,,,,,,,,,,,,,,,,,,,,,
GKP-HL-0868,christmas light design for house,christmas light design for house,Review: seasonal but ambiguous intent,Yes,No,No,No,No,No,No,No,christmas light design for house,USD,50,0%,0%,Unknown,,,,,,,,,,,,,,,,,,,,,,,,,,,,,,,,
GKP-HL-0869,christmas light design outdoor,christmas light design outdoor,Review: seasonal but ambiguous intent,Yes,No,No,No,No,No,No,No,christmas light design outdoor,USD,50,0%,0%,Unknown,,,,,,,,,,,,,,,,,,,,,,,,,,,,,,,,
GKP-HL-0870,christmas light fitter near me,christmas light fitter near me,Review: seasonal but ambiguous intent,Yes,No,Yes,No,No,No,No,No,christmas light fitter near me,USD,0,0%,0%,Unknown,,,,,,,,,,,,,,,,,,,,,,,,,,,,,,,,
GKP-HL-0871,christmas light fitters,christmas light fitters,Review: seasonal but ambiguous intent,Yes,No,No,No,No,No,No,No,christmas light fitters,USD,50,0%,0%,Unknown,,,,,,,,,,,,,,,,,,,,,,,,,,,,,,,,
GKP-HL-0872,christmas light hang up,christmas light hang up,Review: seasonal but ambiguous intent,Yes,No,No,No,No,No,No,No,christmas light hang up,USD,50,0%,0%,Unknown,,,,,,,,,,,,,,,,,,,,,,,,,,,,,,,,
GKP-HL-0873,christmas light hanging solutions,christmas light hanging solutions,Review: seasonal but ambiguous intent,Yes,No,No,No,No,No,No,No,christmas light hanging solutions,USD,50,0%,-100%,Unknown,,,,,,,,,,,,,,,,,,,,,,,,,,,,,,,,
GKP-HL-0874,christmas light hanging techniques,christmas light hanging techniques,Review: seasonal but ambiguous intent,Yes,No,No,No,No,No,No,No,christmas light hanging techniques,USD,0,0%,0%,Unknown,,,,,,,,,,,,,,,,,,,,,,,,,,,,,,,,
GKP-HL-0875,christmas light installation 450 600 ft,christmas light installation 450 600 ft,Candidate: seasonal service intent,Yes,Yes,No,No,No,No,No,No,christmas light installation 450 600 ft,USD,0,0%,0%,Unknown,,,,,,,,,,,,,,,,,,,,,,,,,,,,,,,,
GKP-HL-0876,christmas light installation average cost,christmas light installation average cost,Candidate: seasonal service intent,Yes,Yes,No,Yes,No,No,No,No,christmas light installation average cost,USD,50,0%,0%,Unknown,,,,,,,,,,,,,,,,,,,,,,,,,,,,,,,,
GKP-HL-0877,christmas light installation clips,christmas light installation clips,Exclude or review: product/DIY intent,Yes,Yes,No,No,No,No,No,Yes,christmas light installation clips,USD,50,0%,0%,Unknown,,,,,,,,,,,,,,,,,,,,,,,,,,,,,,,,
GKP-HL-0878,christmas light installation home depot,christmas light installation home depot,Exclude or review: product/DIY intent,Yes,Yes,No,No,Yes,No,No,Yes,christmas light installation home depot,USD,50,0%,0%,Unknown,,,,,,,,,,,,,,,,,,,,,,,,,,,,,,,,
GKP-HL-0879,christmas light installation pro,christmas light installation pro,Candidate: seasonal service intent,Yes,Yes,No,No,No,No,No,No,christmas light installation pro,USD,50,0%,0%,Low,22,1.15,9.00,,,,,,,,,,,,,,,,,,,,,,,,,,,,,
GKP-HL-0880,christmas light installation warriors for light,christmas light installation warriors for light,Candidate: seasonal service intent,Yes,Yes,No,No,No,No,No,No,christmas light installation warriors for light,USD,0,0%,0%,Unknown,,,,,,,,,,,,,,,,,,,,,,,,,,,,,,,,
GKP-HL-0881,christmas light lawn,christmas light lawn,Review: seasonal but ambiguous intent,Yes,No,No,No,No,No,No,No,christmas light lawn,USD,50,∞,0%,High,100,,,,,,,,,,,,,,,,,,,,,,,,,,,,,,,
GKP-HL-0882,christmas light roof design,christmas light roof design,Review: seasonal but ambiguous intent,Yes,No,No,No,Yes,No,No,No,christmas light roof design,USD,50,0%,0%,Unknown,,,,,,,,,,,,,,,,,,,,,,,,,,,,,,,,
GKP-HL-0883,christmas light show company near me,christmas light show company near me,Candidate: seasonal service intent,Yes,Yes,Yes,No,No,No,No,No,christmas light show company near me,USD,, --, --,Unknown,,,,,,,,,,,,,,,,,,,,,,,,,,,,,,,,
GKP-HL-0884,christmas lights by design,christmas lights by design,Review: seasonal but ambiguous intent,Yes,No,No,No,No,No,No,No,christmas lights by design,USD,50,0%,0%,Unknown,,,,,,,,,,,,,,,,,,,,,,,,,,,,,,,,
GKP-HL-0885,christmas lights creations llc,christmas lights creations llc,Review: seasonal but ambiguous intent,Yes,No,No,No,No,No,No,No,christmas lights creations llc,USD,0,0%,0%,Unknown,,,,,,,,,,,,,,,,,,,,,,,,,,,,,,,,
GKP-HL-0886,christmas lights gutter guard,christmas lights gutter guard,Review: seasonal but ambiguous intent,Yes,No,No,No,Yes,No,No,No,christmas lights gutter guard,USD,50,0%,0%,Medium,57,,,,,,,,,,,,,,,,,,,,,,,,,,,,,,,
GKP-HL-0887,christmas lights hanging down,christmas lights hanging down,Review: seasonal but ambiguous intent,Yes,No,No,No,No,No,No,No,christmas lights hanging down,USD,50,0%,-100%,Unknown,,,,,,,,,,,,,,,,,,,,,,,,,,,,,,,,
GKP-HL-0888,christmas lights house service,christmas lights house service,Candidate: seasonal service intent,Yes,Yes,No,No,Yes,No,No,No,christmas lights house service,USD,50,0%,-100%,Unknown,,,,,,,,,,,,,,,,,,,,,,,,,,,,,,,,
GKP-HL-0889,christmas lights hung up,christmas lights hung up,Review: seasonal but ambiguous intent,Yes,No,No,No,No,No,No,No,christmas lights hung up,USD,50,0%,0%,Unknown,,,,,,,,,,,,,,,,,,,,,,,,,,,,,,,,
GKP-HL-0890,christmas lights installation western springs,christmas lights installation western springs,Candidate: seasonal service intent,Yes,Yes,No,No,No,No,No,No,christmas lights installation western springs,USD,, --, --,Unknown,,,,,,,,,,,,,,,,,,,,,,,,,,,,,,,,
GKP-HL-0891,christmas lights on commercial buildings,christmas lights on commercial buildings,Review: seasonal but ambiguous intent,Yes,No,No,No,No,Yes,No,No,christmas lights on commercial buildings,USD,50,0%,0%,Unknown,,,,,,,,,,,,,,,,,,,,,,,,,,,,,,,,
GKP-HL-0892,christmas lights true value,christmas lights true value,Review: seasonal but ambiguous intent,Yes,No,No,No,No,No,No,No,christmas lights true value,USD,50,0%,0%,Unknown,,,,,,,,,,,,,,,,,,,,,,,,,,,,,,,,
GKP-HL-0893,christmas lights white company,christmas lights white company,Candidate: seasonal service intent,Yes,Yes,No,No,No,No,No,No,christmas lights white company,USD,, --, --,Unknown,,,,,,,,,,,,,,,,,,,,,,,,,,,,,,,,
GKP-HL-0894,christmas lights with gutter covers,christmas lights with gutter covers,Review: seasonal but ambiguous intent,Yes,No,No,No,Yes,No,No,No,christmas lights with gutter covers,USD,50,0%,0%,Unknown,,,,,,,,,,,,,,,,,,,,,,,,,,,,,,,,
GKP-HL-0895,christmas rope lights installation,christmas rope lights installation,Candidate: seasonal service intent,Yes,Yes,No,No,No,No,No,No,christmas rope lights installation,USD,, --, --,Unknown,,,,,,,,,,,,,,,,,,,,,,,,,,,,,,,,
GKP-HL-0896,christmas tree installer,christmas tree installer,Candidate: seasonal service intent,Yes,Yes,No,No,No,No,No,No,christmas tree installer,USD,50,0%,0%,Low,0,,,,,,,,,,,,,,,,,,,,,,,,,,,,,,,
GKP-HL-0897,christmas tree light hanging service near me,christmas tree light hanging service near me,Candidate: seasonal service intent,Yes,Yes,Yes,No,No,No,No,No,christmas tree light hanging service near me,USD,50,0%,0%,Unknown,,,,,,,,,,,,,,,,,,,,,,,,,,,,,,,,
GKP-HL-0898,christmas tree light setup,christmas tree light setup,Review: seasonal but ambiguous intent,Yes,No,No,No,No,No,No,No,christmas tree light setup,USD,50,0%,0%,Unknown,,,,,,,,,,,,,,,,,,,,,,,,,,,,,,,,
GKP-HL-0899,clips for hanging christmas lights on house,clips for hanging christmas lights on house,Exclude or review: product/DIY intent,Yes,No,No,No,No,No,No,Yes,clips for hanging christmas lights on house,USD,50,0%,0%,Unknown,,,,,,,,,,,,,,,,,,,,,,,,,,,,,,,,
GKP-HL-0900,clips for hanging christmas lights on shingles,clips for hanging christmas lights on shingles,Exclude or review: product/DIY intent,Yes,No,No,No,No,No,No,Yes,clips for hanging christmas lights on shingles,USD,0,0%,0%,Unknown,,,,,,,,,,,,,,,,,,,,,,,,,,,,,,,,
GKP-HL-0901,clips to hang lights on roof,clips to hang lights on roof,Exclude or review: unrelated/ambiguous,No,No,No,No,Yes,No,No,Yes,clips to hang lights on roof,USD,50,0%,0%,Unknown,,,,,,,,,,,,,,,,,,,,,,,,,,,,,,,,
GKP-HL-0902,clips to install christmas lights,clips to install christmas lights,Exclude or review: product/DIY intent,Yes,Yes,No,No,No,No,No,Yes,clips to install christmas lights,USD,50,0%,0%,Unknown,,,,,,,,,,,,,,,,,,,,,,,,,,,,,,,,
GKP-HL-0903,comed christmas lights,comed christmas lights,Review: seasonal but ambiguous intent,Yes,No,No,No,No,No,No,No,comed christmas lights,USD,0,0%,0%,Unknown,,,,,,,,,,,,,,,,,,,,,,,,,,,,,,,,
GKP-HL-0904,commercial christmas light hangers,commercial christmas light hangers,Review: seasonal but ambiguous intent,Yes,No,No,No,No,Yes,No,No,commercial christmas light hangers,USD,, --, --,Unknown,,,,,,,,,,,,,,,,,,,,,,,,,,,,,,,,
GKP-HL-0905,commercial pro icicle lights,commercial pro icicle lights,Exclude or review: unrelated/ambiguous,No,No,No,No,No,Yes,No,No,commercial pro icicle lights,USD,50,0%,0%,Unknown,,,,,,,,,,,,,,,,,,,,,,,,,,,,,,,,
GKP-HL-0906,connecting led and incandescent christmas lights,connecting led and incandescent christmas lights,Review: seasonal but ambiguous intent,Yes,No,No,No,No,No,No,No,connecting led and incandescent christmas lights,USD,50,0%,0%,Unknown,,,,,,,,,,,,,,,,,,,,,,,,,,,,,,,,
GKP-HL-0907,connecting led christmas lights,connecting led christmas lights,Review: seasonal but ambiguous intent,Yes,No,No,No,No,No,No,No,connecting led christmas lights,USD,50,0%,0%,Unknown,,,,,,,,,,,,,,,,,,,,,,,,,,,,,,,,
GKP-HL-0908,connecting outdoor christmas lights,connecting outdoor christmas lights,Review: seasonal but ambiguous intent,Yes,No,No,No,No,No,No,No,connecting outdoor christmas lights,USD,50,0%,0%,Unknown,,,,,,,,,,,,,,,,,,,,,,,,,,,,,,,,
GKP-HL-0909,cost for professional christmas lights,cost for professional christmas lights,Candidate: seasonal service intent,Yes,Yes,No,Yes,No,No,No,No,cost for professional christmas lights,USD,50,0%,0%,Unknown,,,,,,,,,,,,,,,,,,,,,,,,,,,,,,,,
GKP-HL-0910,cost of professional christmas decorators,cost of professional christmas decorators,Candidate: seasonal service intent,Yes,Yes,No,Yes,No,No,No,No,cost of professional christmas decorators,USD,50,0%,0%,Unknown,,,,,,,,,,,,,,,,,,,,,,,,,,,,,,,,
GKP-HL-0911,cost of professional christmas light installation,cost of professional christmas light installation,Candidate: seasonal service intent,Yes,Yes,No,Yes,No,No,No,No,cost of professional christmas light installation,USD,50,0%,-100%,Unknown,,,,,,,,,,,,,,,,,,,,,,,,,,,,,,,,
GKP-HL-0912,cost to get christmas lights installed,cost to get christmas lights installed,Candidate: seasonal service intent,Yes,Yes,No,Yes,No,No,No,No,cost to get christmas lights installed,USD,50,0%,0%,Unknown,,,,,,,,,,,,,,,,,,,,,,,,,,,,,,,,
GKP-HL-0913,cost to hang xmas lights,cost to hang xmas lights,Review: seasonal but ambiguous intent,Yes,No,No,Yes,No,No,No,No,cost to hang xmas lights,USD,50,0%,0%,Unknown,,,,,,,,,,,,,,,,,,,,,,,,,,,,,,,,
GKP-HL-0914,cost to have holiday lights installed,cost to have holiday lights installed,Candidate: seasonal service intent,Yes,Yes,No,Yes,No,No,No,No,cost to have holiday lights installed,USD,50,0%,0%,Unknown,,,,,,,,,,,,,,,,,,,,,,,,,,,,,,,,
GKP-HL-0915,custom christmas light display,custom christmas light display,Review: seasonal but ambiguous intent,Yes,No,No,No,No,No,No,No,custom christmas light display,USD,50,0%,0%,Unknown,,,,,,,,,,,,,,,,,,,,,,,,,,,,,,,,
GKP-HL-0916,custom christmas lighting llc,custom christmas lighting llc,Review: seasonal but ambiguous intent,Yes,No,No,No,No,No,No,No,custom christmas lighting llc,USD,0,0%,0%,Unknown,,,,,,,,,,,,,,,,,,,,,,,,,,,,,,,,
GKP-HL-0917,custom christmas lights cost,custom christmas lights cost,Review: seasonal but ambiguous intent,Yes,No,No,Yes,No,No,No,No,custom christmas lights cost,USD,0,0%,0%,Unknown,,,,,,,,,,,,,,,,,,,,,,,,,,,,,,,,
GKP-HL-0918,custom christmas lights for your house,custom christmas lights for your house,Review: seasonal but ambiguous intent,Yes,No,No,No,No,No,No,No,custom christmas lights for your house,USD,50,0%,0%,Unknown,,,,,,,,,,,,,,,,,,,,,,,,,,,,,,,,
GKP-HL-0919,decorate with lights company,decorate with lights company,Review: adjacent nonseasonal service intent,No,Yes,No,No,No,No,No,No,decorate with lights company,USD,0,0%,0%,Unknown,,,,,,,,,,,,,,,,,,,,,,,,,,,,,,,,
GKP-HL-0920,design of christmas lights,design of christmas lights,Review: seasonal but ambiguous intent,Yes,No,No,No,No,No,No,No,design of christmas lights,USD,50,0%,0%,Unknown,,,,,,,,,,,,,,,,,,,,,,,,,,,,,,,,
GKP-HL-0921,diamond christmas lights installers,diamond christmas lights installers,Candidate: seasonal service intent,Yes,Yes,No,No,No,No,No,No,diamond christmas lights installers,USD,0,0%,0%,Unknown,,,,,,,,,,,,,,,,,,,,,,,,,,,,,,,,
GKP-HL-0922,dunhill fir christmas tree 6ft,dunhill fir christmas tree 6ft,Review: seasonal but ambiguous intent,Yes,No,No,No,No,No,No,No,dunhill fir christmas tree 6ft,USD,50,0%,0%,Unknown,,,,,,,,,,,,,,,,,,,,,,,,,,,,,,,,
GKP-HL-0923,dunhill fir green fir artificial christmas tree,dunhill fir green fir artificial christmas tree,Review: seasonal but ambiguous intent,Yes,No,No,No,No,No,No,No,dunhill fir green fir artificial christmas tree,USD,0,0%,0%,Unknown,,,,,,,,,,,,,,,,,,,,,,,,,,,,,,,,
GKP-HL-0924,easy put up christmas lights,easy put up christmas lights,Candidate: seasonal service intent,Yes,Yes,No,No,No,No,No,No,easy put up christmas lights,USD,50,0%,0%,Unknown,,,,,,,,,,,,,,,,,,,,,,,,,,,,,,,,
GKP-HL-0925,easy to install christmas tree lights,easy to install christmas tree lights,Candidate: seasonal service intent,Yes,Yes,No,No,No,No,No,No,easy to install christmas tree lights,USD,50,0%,0%,Unknown,,,,,,,,,,,,,,,,,,,,,,,,,,,,,,,,
GKP-HL-0926,easy way to hang christmas lights in window,easy way to hang christmas lights in window,Review: seasonal but ambiguous intent,Yes,No,No,No,No,No,No,No,easy way to hang christmas lights in window,USD,0,0%,0%,Unknown,,,,,,,,,,,,,,,,,,,,,,,,,,,,,,,,
GKP-HL-0927,easy way to hang christmas lights on gutters,easy way to hang christmas lights on gutters,Review: seasonal but ambiguous intent,Yes,No,No,No,Yes,No,No,No,easy way to hang christmas lights on gutters,USD,50,0%,0%,Unknown,,,,,,,,,,,,,,,,,,,,,,,,,,,,,,,,
GKP-HL-0928,easy way to hang christmas lights on house,easy way to hang christmas lights on house,Review: seasonal but ambiguous intent,Yes,No,No,No,No,No,No,No,easy way to hang christmas lights on house,USD,50,0%,0%,Unknown,,,,,,,,,,,,,,,,,,,,,,,,,,,,,,,,
GKP-HL-0929,easy way to hang christmas lights on roof,easy way to hang christmas lights on roof,Review: seasonal but ambiguous intent,Yes,No,No,No,Yes,No,No,No,easy way to hang christmas lights on roof,USD,50,0%,0%,Unknown,,,,,,,,,,,,,,,,,,,,,,,,,,,,,,,,
GKP-HL-0930,easy way to hang christmas tree lights,easy way to hang christmas tree lights,Review: seasonal but ambiguous intent,Yes,No,No,No,No,No,No,No,easy way to hang christmas tree lights,USD,50,0%,0%,Unknown,,,,,,,,,,,,,,,,,,,,,,,,,,,,,,,,
GKP-HL-0931,easy way to hang up christmas lights,easy way to hang up christmas lights,Review: seasonal but ambiguous intent,Yes,No,No,No,No,No,No,No,easy way to hang up christmas lights,USD,50,0%,0%,Unknown,,,,,,,,,,,,,,,,,,,,,,,,,,,,,,,,
GKP-HL-0932,easy way to install christmas lights,easy way to install christmas lights,Candidate: seasonal service intent,Yes,Yes,No,No,No,No,No,No,easy way to install christmas lights,USD,50,0%,0%,Unknown,,,,,,,,,,,,,,,,,,,,,,,,,,,,,,,,
GKP-HL-0933,easy way to put up christmas lights on house,easy way to put up christmas lights on house,Candidate: seasonal service intent,Yes,Yes,No,No,No,No,No,No,easy way to put up christmas lights on house,USD,50,0%,0%,Unknown,,,,,,,,,,,,,,,,,,,,,,,,,,,,,,,,
GKP-HL-0934,easy way to put up outdoor christmas lights,easy way to put up outdoor christmas lights,Candidate: seasonal service intent,Yes,Yes,No,No,No,No,No,No,easy way to put up outdoor christmas lights,USD,50,0%,0%,Unknown,,,,,,,,,,,,,,,,,,,,,,,,,,,,,,,,
GKP-HL-0935,everstar merchandise christmas lights,everstar merchandise christmas lights,Review: seasonal but ambiguous intent,Yes,No,No,No,No,No,No,No,everstar merchandise christmas lights,USD,50,0%,0%,Unknown,,,,,,,,,,,,,,,,,,,,,,,,,,,,,,,,
GKP-HL-0936,exterior christmas lighting companies,exterior christmas lighting companies,Review: seasonal but ambiguous intent,Yes,No,No,No,No,No,No,No,exterior christmas lighting companies,USD,50,0%,-100%,Unknown,,,,,,,,,,,,,,,,,,,,,,,,,,,,,,,,
GKP-HL-0937,festive decor commercial display limited,festive decor commercial display limited,Exclude or review: unrelated/ambiguous,No,No,No,No,No,Yes,No,No,festive decor commercial display limited,USD,50,0%,0%,Unknown,,,,,,,,,,,,,,,,,,,,,,,,,,,,,,,,
GKP-HL-0938,festive productions christmas lights,festive productions christmas lights,Review: seasonal but ambiguous intent,Yes,No,No,No,No,No,No,No,festive productions christmas lights,USD,, --, --,Unknown,,,,,,,,,,,,,,,,,,,,,,,,,,,,,,,,
GKP-HL-0939,first time hanging christmas lights,first time hanging christmas lights,Review: seasonal but ambiguous intent,Yes,No,No,No,No,No,No,No,first time hanging christmas lights,USD,50,0%,0%,Unknown,,,,,,,,,,,,,,,,,,,,,,,,,,,,,,,,
GKP-HL-0940,fitting christmas lights outside,fitting christmas lights outside,Review: seasonal but ambiguous intent,Yes,No,No,No,No,No,No,No,fitting christmas lights outside,USD,0,0%,0%,Unknown,,,,,,,,,,,,,,,,,,,,,,,,,,,,,,,,
GKP-HL-0941,fitting outdoor christmas lights,fitting outdoor christmas lights,Review: seasonal but ambiguous intent,Yes,No,No,No,No,No,No,No,fitting outdoor christmas lights,USD,0,0%,0%,Unknown,,,,,,,,,,,,,,,,,,,,,,,,,,,,,,,,
GKP-HL-0942,garrett's christmas light installation services,garrett's christmas light installation services,Candidate: seasonal service intent,Yes,Yes,No,No,No,No,No,No,garrett's christmas light installation services,USD,50,0%,0%,Unknown,,,,,,,,,,,,,,,,,,,,,,,,,,,,,,,,
GKP-HL-0943,gerson international christmas lanterns,gerson international christmas lanterns,Review: seasonal but ambiguous intent,Yes,No,No,No,No,No,No,No,gerson international christmas lanterns,USD,, --, --,Unknown,,,,,,,,,,,,,,,,,,,,,,,,,,,,,,,,
GKP-HL-0944,grandlite company christmas lights,grandlite company christmas lights,Candidate: seasonal service intent,Yes,Yes,No,No,No,No,No,No,grandlite company christmas lights,USD,50,0%,0%,Unknown,,,,,,,,,,,,,,,,,,,,,,,,,,,,,,,,
GKP-HL-0945,gutter hanging christmas lights,gutter hanging christmas lights,Review: seasonal but ambiguous intent,Yes,No,No,No,Yes,No,No,No,gutter hanging christmas lights,USD,50,0%,0%,High,100,,,,,,,,,,,,,,,,,,,,,,,,,,,,,,,
GKP-HL-0946,hallmark lighting out of business,hallmark lighting out of business,Exclude or review: unrelated/ambiguous,No,No,No,No,No,No,No,No,hallmark lighting out of business,USD,, --, --,Unknown,,,,,,,,,,,,,,,,,,,,,,,,,,,,,,,,
GKP-HL-0947,hang c9 christmas lights roof,hang c9 christmas lights roof,Review: seasonal but ambiguous intent,Yes,No,No,No,Yes,No,No,No,hang c9 christmas lights roof,USD,50,0%,0%,Unknown,,,,,,,,,,,,,,,,,,,,,,,,,,,,,,,,
GKP-HL-0948,hang christmas lights around door,hang christmas lights around door,Review: seasonal but ambiguous intent,Yes,No,No,No,No,No,No,No,hang christmas lights around door,USD,50,0%,0%,Unknown,,,,,,,,,,,,,,,,,,,,,,,,,,,,,,,,
GKP-HL-0949,hang christmas lights around outside windows,hang christmas lights around outside windows,Review: seasonal but ambiguous intent,Yes,No,No,No,No,No,No,No,hang christmas lights around outside windows,USD,50,0%,0%,Unknown,,,,,,,,,,,,,,,,,,,,,,,,,,,,,,,,
GKP-HL-0950,hang christmas lights around windows outside,hang christmas lights around windows outside,Review: seasonal but ambiguous intent,Yes,No,No,No,No,No,No,No,hang christmas lights around windows outside,USD,50,0%,0%,Unknown,,,,,,,,,,,,,,,,,,,,,,,,,,,,,,,,
GKP-HL-0951,hang christmas lights from the ground,hang christmas lights from the ground,Review: seasonal but ambiguous intent,Yes,No,No,No,No,No,No,No,hang christmas lights from the ground,USD,50,0%,0%,Unknown,,,,,,,,,,,,,,,,,,,,,,,,,,,,,,,,
GKP-HL-0952,hang christmas lights gable end,hang christmas lights gable end,Review: seasonal but ambiguous intent,Yes,No,No,No,No,No,No,No,hang christmas lights gable end,USD,0,0%,0%,Unknown,,,,,,,,,,,,,,,,,,,,,,,,,,,,,,,,
GKP-HL-0953,hang christmas lights high roof,hang christmas lights high roof,Review: seasonal but ambiguous intent,Yes,No,No,No,Yes,No,No,No,hang christmas lights high roof,USD,50,0%,0%,Unknown,,,,,,,,,,,,,,,,,,,,,,,,,,,,,,,,
GKP-HL-0954,hang christmas lights in trees,hang christmas lights in trees,Review: seasonal but ambiguous intent,Yes,No,No,No,No,No,No,No,hang christmas lights in trees,USD,50,0%,0%,Unknown,,,,,,,,,,,,,,,,,,,,,,,,,,,,,,,,
GKP-HL-0955,hang christmas lights in window,hang christmas lights in window,Review: seasonal but ambiguous intent,Yes,No,No,No,No,No,No,No,hang christmas lights in window,USD,50,0%,0%,Unknown,,,,,,,,,,,,,,,,,,,,,,,,,,,,,,,,
GKP-HL-0956,hang christmas lights inside window,hang christmas lights inside window,Review: seasonal but ambiguous intent,Yes,No,No,No,No,No,No,No,hang christmas lights inside window,USD,50,0%,0%,Unknown,,,,,,,,,,,,,,,,,,,,,,,,,,,,,,,,
GKP-HL-0957,hang christmas lights like a pro,hang christmas lights like a pro,Review: seasonal but ambiguous intent,Yes,No,No,No,No,No,No,No,hang christmas lights like a pro,USD,50,0%,0%,Unknown,,,,,,,,,,,,,,,,,,,,,,,,,,,,,,,,
GKP-HL-0958,hang christmas lights no ladder,hang christmas lights no ladder,Review: seasonal but ambiguous intent,Yes,No,No,No,No,No,No,No,hang christmas lights no ladder,USD,50,0%,0%,Unknown,,,,,,,,,,,,,,,,,,,,,,,,,,,,,,,,
GKP-HL-0959,hang christmas lights on fence,hang christmas lights on fence,Review: seasonal but ambiguous intent,Yes,No,No,No,No,No,No,No,hang christmas lights on fence,USD,50,0%,0%,Unknown,,,,,,,,,,,,,,,,,,,,,,,,,,,,,,,,
GKP-HL-0960,hang christmas lights on gutters with screens,hang christmas lights on gutters with screens,Review: seasonal but ambiguous intent,Yes,No,No,No,Yes,No,No,No,hang christmas lights on gutters with screens,USD,50,0%,0%,Unknown,,,,,,,,,,,,,,,,,,,,,,,,,,,,,,,,
GKP-HL-0961,hang christmas lights on porch,hang christmas lights on porch,Review: seasonal but ambiguous intent,Yes,No,No,No,No,No,No,No,hang christmas lights on porch,USD,50,0%,0%,Unknown,,,,,,,,,,,,,,,,,,,,,,,,,,,,,,,,
GKP-HL-0962,hang christmas lights on roof line,hang christmas lights on roof line,Review: seasonal but ambiguous intent,Yes,No,No,No,Yes,No,No,No,hang christmas lights on roof line,USD,0,0%,0%,Unknown,,,,,,,,,,,,,,,,,,,,,,,,,,,,,,,,
GKP-HL-0963,hang christmas lights on roof peak,hang christmas lights on roof peak,Review: seasonal but ambiguous intent,Yes,No,No,No,Yes,No,No,No,hang christmas lights on roof peak,USD,50,0%,0%,Unknown,,,,,,,,,,,,,,,,,,,,,,,,,,,,,,,,
GKP-HL-0964,hang christmas lights on shingles,hang christmas lights on shingles,Review: seasonal but ambiguous intent,Yes,No,No,No,No,No,No,No,hang christmas lights on shingles,USD,50,0%,0%,Unknown,,,,,,,,,,,,,,,,,,,,,,,,,,,,,,,,
GKP-HL-0965,hang christmas lights on steep roof,hang christmas lights on steep roof,Review: seasonal but ambiguous intent,Yes,No,No,No,Yes,No,No,No,hang christmas lights on steep roof,USD,50,0%,0%,Unknown,,,,,,,,,,,,,,,,,,,,,,,,,,,,,,,,
GKP-HL-0966,hang christmas lights on tall tree,hang christmas lights on tall tree,Review: seasonal but ambiguous intent,Yes,No,No,No,No,No,No,No,hang christmas lights on tall tree,USD,50,0%,0%,Unknown,,,,,,,,,,,,,,,,,,,,,,,,,,,,,,,,
GKP-HL-0967,hang christmas lights on windows,hang christmas lights on windows,Review: seasonal but ambiguous intent,Yes,No,No,No,No,No,No,No,hang christmas lights on windows,USD,50,0%,0%,Unknown,,,,,,,,,,,,,,,,,,,,,,,,,,,,,,,,
GKP-HL-0968,hang christmas lights second story,hang christmas lights second story,Review: seasonal but ambiguous intent,Yes,No,No,No,No,No,No,No,hang christmas lights second story,USD,50,0%,0%,Unknown,,,,,,,,,,,,,,,,,,,,,,,,,,,,,,,,
GKP-HL-0969,hang christmas lights straight,hang christmas lights straight,Review: seasonal but ambiguous intent,Yes,No,No,No,No,No,No,No,hang christmas lights straight,USD,50,0%,0%,Unknown,,,,,,,,,,,,,,,,,,,,,,,,,,,,,,,,
GKP-HL-0970,hang christmas lights under eaves,hang christmas lights under eaves,Review: seasonal but ambiguous intent,Yes,No,No,No,No,No,No,No,hang christmas lights under eaves,USD,50,0%,0%,Unknown,,,,,,,,,,,,,,,,,,,,,,,,,,,,,,,,
GKP-HL-0971,hang christmas lights under gutter,hang christmas lights under gutter,Review: seasonal but ambiguous intent,Yes,No,No,No,Yes,No,No,No,hang christmas lights under gutter,USD,50,0%,0%,Unknown,,,,,,,,,,,,,,,,,,,,,,,,,,,,,,,,
GKP-HL-0972,hang christmas lights with nails,hang christmas lights with nails,Review: seasonal but ambiguous intent,Yes,No,No,No,No,No,No,No,hang christmas lights with nails,USD,50,0%,0%,Unknown,,,,,,,,,,,,,,,,,,,,,,,,,,,,,,,,
GKP-HL-0973,hang christmas lights without clips,hang christmas lights without clips,Exclude or review: product/DIY intent,Yes,No,No,No,No,No,No,Yes,hang christmas lights without clips,USD,50,0%,0%,Unknown,,,,,,,,,,,,,,,,,,,,,,,,,,,,,,,,
GKP-HL-0974,hang christmas lights without staples,hang christmas lights without staples,Review: seasonal but ambiguous intent,Yes,No,No,No,No,No,No,No,hang christmas lights without staples,USD,50,0%,0%,Unknown,,,,,,,,,,,,,,,,,,,,,,,,,,,,,,,,
GKP-HL-0975,hang down christmas lights,hang down christmas lights,Review: seasonal but ambiguous intent,Yes,No,No,No,No,No,No,No,hang down christmas lights,USD,50,0%,-100%,Unknown,,,,,,,,,,,,,,,,,,,,,,,,,,,,,,,,
GKP-HL-0976,hang icicle lights without gutters,hang icicle lights without gutters,Exclude or review: unrelated/ambiguous,No,No,No,No,Yes,No,No,No,hang icicle lights without gutters,USD,50,0%,0%,Unknown,,,,,,,,,,,,,,,,,,,,,,,,,,,,,,,,
GKP-HL-0977,hang lights on gutter guards,hang lights on gutter guards,Exclude or review: unrelated/ambiguous,No,No,No,No,Yes,No,No,No,hang lights on gutter guards,USD,50,0%,0%,Unknown,,,,,,,,,,,,,,,,,,,,,,,,,,,,,,,,
GKP-HL-0978,hanging christmas light clips,hanging christmas light clips,Exclude or review: product/DIY intent,Yes,No,No,No,No,No,No,Yes,hanging christmas light clips,USD,50,0%,0%,Unknown,,,,,,,,,,,,,,,,,,,,,,,,,,,,,,,,
GKP-HL-0979,hanging christmas lights around a window,hanging christmas lights around a window,Review: seasonal but ambiguous intent,Yes,No,No,No,No,No,No,No,hanging christmas lights around a window,USD,50,∞,∞,Low,0,,,,,,,,,,,,,,,,,,,,,,,,,,,,,,,
GKP-HL-0980,hanging christmas lights for porch,hanging christmas lights for porch,Review: seasonal but ambiguous intent,Yes,No,No,No,No,No,No,No,hanging christmas lights for porch,USD,50,0%,0%,Unknown,,,,,,,,,,,,,,,,,,,,,,,,,,,,,,,,
GKP-HL-0981,hanging christmas lights for trees,hanging christmas lights for trees,Review: seasonal but ambiguous intent,Yes,No,No,No,No,No,No,No,hanging christmas lights for trees,USD,50,0%,0%,Unknown,,,,,,,,,,,,,,,,,,,,,,,,,,,,,,,,
GKP-HL-0982,hanging christmas lights from shingles,hanging christmas lights from shingles,Review: seasonal but ambiguous intent,Yes,No,No,No,No,No,No,No,hanging christmas lights from shingles,USD,50,0%,0%,Unknown,,,,,,,,,,,,,,,,,,,,,,,,,,,,,,,,
GKP-HL-0983,hanging christmas lights from tree,hanging christmas lights from tree,Review: seasonal but ambiguous intent,Yes,No,No,No,No,No,No,No,hanging christmas lights from tree,USD,50,0%,0%,Unknown,,,,,,,,,,,,,,,,,,,,,,,,,,,,,,,,
GKP-HL-0984,hanging christmas lights in house,hanging christmas lights in house,Review: seasonal but ambiguous intent,Yes,No,No,No,No,No,No,No,hanging christmas lights in house,USD,50,-100%,-100%,Unknown,,,,,,,,,,,,,,,,,,,,,,,,,,,,,,,,
GKP-HL-0985,hanging christmas lights in tall trees,hanging christmas lights in tall trees,Review: seasonal but ambiguous intent,Yes,No,No,No,No,No,No,No,hanging christmas lights in tall trees,USD,50,0%,0%,Unknown,,,,,,,,,,,,,,,,,,,,,,,,,,,,,,,,
GKP-HL-0986,hanging christmas lights in the window,hanging christmas lights in the window,Review: seasonal but ambiguous intent,Yes,No,No,No,No,No,No,No,hanging christmas lights in the window,USD,50,0%,0%,Unknown,,,,,,,,,,,,,,,,,,,,,,,,,,,,,,,,
GKP-HL-0987,hanging christmas lights in trees outdoor,hanging christmas lights in trees outdoor,Review: seasonal but ambiguous intent,Yes,No,No,No,No,No,No,No,hanging christmas lights in trees outdoor,USD,50,0%,0%,Unknown,,,,,,,,,,,,,,,,,,,,,,,,,,,,,,,,
GKP-HL-0988,hanging christmas lights indoor windows,hanging christmas lights indoor windows,Review: seasonal but ambiguous intent,Yes,No,No,No,No,No,No,No,hanging christmas lights indoor windows,USD,50,0%,0%,Unknown,,,,,,,,,,,,,,,,,,,,,,,,,,,,,,,,
GKP-HL-0989,hanging christmas lights inside windows,hanging christmas lights inside windows,Review: seasonal but ambiguous intent,Yes,No,No,No,No,No,No,No,hanging christmas lights inside windows,USD,50,0%,0%,Unknown,,,,,,,,,,,,,,,,,,,,,,,,,,,,,,,,
GKP-HL-0990,hanging christmas lights no ladder,hanging christmas lights no ladder,Review: seasonal but ambiguous intent,Yes,No,No,No,No,No,No,No,hanging christmas lights no ladder,USD,50,0%,0%,Unknown,,,,,,,,,,,,,,,,,,,,,,,,,,,,,,,,
GKP-HL-0991,hanging christmas lights on a fence,hanging christmas lights on a fence,Review: seasonal but ambiguous intent,Yes,No,No,No,No,No,No,No,hanging christmas lights on a fence,USD,50,0%,0%,Unknown,,,,,,,,,,,,,,,,,,,,,,,,,,,,,,,,
GKP-HL-0992,hanging christmas lights on a tall tree,hanging christmas lights on a tall tree,Review: seasonal but ambiguous intent,Yes,No,No,No,No,No,No,No,hanging christmas lights on a tall tree,USD,50,0%,0%,Unknown,,,,,,,,,,,,,,,,,,,,,,,,,,,,,,,,
GKP-HL-0993,hanging christmas lights on a two story house,hanging christmas lights on a two story house,Review: seasonal but ambiguous intent,Yes,No,No,No,No,No,No,No,hanging christmas lights on a two story house,USD,0,0%,0%,Unknown,,,,,,,,,,,,,,,,,,,,,,,,,,,,,,,,
GKP-HL-0994,hanging christmas lights on a wall,hanging christmas lights on a wall,Review: seasonal but ambiguous intent,Yes,No,No,No,No,No,No,No,hanging christmas lights on a wall,USD,50,0%,0%,Unknown,,,,,,,,,,,,,,,,,,,,,,,,,,,,,,,,
GKP-HL-0995,hanging christmas lights on deck,hanging christmas lights on deck,Review: seasonal but ambiguous intent,Yes,No,No,No,No,No,No,No,hanging christmas lights on deck,USD,0,0%,0%,Unknown,,,,,,,,,,,,,,,,,,,,,,,,,,,,,,,,
GKP-HL-0996,hanging christmas lights on fence,hanging christmas lights on fence,Review: seasonal but ambiguous intent,Yes,No,No,No,No,No,No,No,hanging christmas lights on fence,USD,50,0%,0%,Unknown,,,,,,,,,,,,,,,,,,,,,,,,,,,,,,,,
GKP-HL-0997,hanging christmas lights on flat roofs,hanging christmas lights on flat roofs,Review: seasonal but ambiguous intent,Yes,No,No,No,Yes,No,No,No,hanging christmas lights on flat roofs,USD,0,0%,0%,Unknown,,,,,,,,,,,,,,,,,,,,,,,,,,,,,,,,
GKP-HL-0998,hanging christmas lights on front porch,hanging christmas lights on front porch,Review: seasonal but ambiguous intent,Yes,No,No,No,No,No,No,No,hanging christmas lights on front porch,USD,50,0%,0%,Unknown,,,,,,,,,,,,,,,,,,,,,,,,,,,,,,,,
GKP-HL-0999,hanging christmas lights on gutter guards,hanging christmas lights on gutter guards,Review: seasonal but ambiguous intent,Yes,No,No,No,Yes,No,No,No,hanging christmas lights on gutter guards,USD,50,0%,∞,High,100,,,,,,,,,,,,,,,,,,,,,,,,,,,,,,,
GKP-HL-1000,hanging christmas lights on gutters with gutter guards,hanging christmas lights on gutters with gutter guards,Review: seasonal but ambiguous intent,Yes,No,No,No,Yes,No,No,No,hanging christmas lights on gutters with gutter guards,USD,50,0%,0%,Unknown,,,,,,,,,,,,,,,,,,,,,,,,,,,,,,,,
GKP-HL-1001,hanging christmas lights on house eaves,hanging christmas lights on house eaves,Review: seasonal but ambiguous intent,Yes,No,No,No,Yes,No,No,No,hanging christmas lights on house eaves,USD,50,0%,0%,Unknown,,,,,,,,,,,,,,,,,,,,,,,,,,,,,,,,
GKP-HL-1002,hanging christmas lights on inside of windows,hanging christmas lights on inside of windows,Review: seasonal but ambiguous intent,Yes,No,No,No,No,No,No,No,hanging christmas lights on inside of windows,USD,50,0%,0%,Unknown,,,,,,,,,,,,,,,,,,,,,,,,,,,,,,,,
GKP-HL-1003,hanging christmas lights on large trees,hanging christmas lights on large trees,Review: seasonal but ambiguous intent,Yes,No,No,No,No,No,No,No,hanging christmas lights on large trees,USD,50,0%,0%,Unknown,,,,,,,,,,,,,,,,,,,,,,,,,,,,,,,,
GKP-HL-1004,hanging christmas lights on patio,hanging christmas lights on patio,Review: seasonal but ambiguous intent,Yes,No,No,No,No,No,No,No,hanging christmas lights on patio,USD,50,0%,0%,Unknown,,,,,,,,,,,,,,,,,,,,,,,,,,,,,,,,
GKP-HL-1005,hanging christmas lights on peak of roof,hanging christmas lights on peak of roof,Review: seasonal but ambiguous intent,Yes,No,No,No,Yes,No,No,No,hanging christmas lights on peak of roof,USD,50,0%,0%,Unknown,,,,,,,,,,,,,,,,,,,,,,,,,,,,,,,,
GKP-HL-1006,hanging christmas lights on pergola,hanging christmas lights on pergola,Review: seasonal but ambiguous intent,Yes,No,No,No,No,No,No,No,hanging christmas lights on pergola,USD,, --, --,Unknown,,,,,,,,,,,,,,,,,,,,,,,,,,,,,,,,
GKP-HL-1007,hanging christmas lights on rain gutters,hanging christmas lights on rain gutters,Review: seasonal but ambiguous intent,Yes,No,No,No,Yes,No,No,No,hanging christmas lights on rain gutters,USD,50,0%,0%,High,100,,,,,,,,,,,,,,,,,,,,,,,,,,,,,,,
GKP-HL-1008,hanging christmas lights on roof line,hanging christmas lights on roof line,Review: seasonal but ambiguous intent,Yes,No,No,No,Yes,No,No,No,hanging christmas lights on roof line,USD,50,0%,0%,Unknown,,,,,,,,,,,,,,,,,,,,,,,,,,,,,,,,
GKP-HL-1009,hanging christmas lights on steep roof,hanging christmas lights on steep roof,Review: seasonal but ambiguous intent,Yes,No,No,No,Yes,No,No,No,hanging christmas lights on steep roof,USD,50,0%,0%,Unknown,,,,,,,,,,,,,,,,,,,,,,,,,,,,,,,,
GKP-HL-1010,hanging christmas lights on tall house,hanging christmas lights on tall house,Review: seasonal but ambiguous intent,Yes,No,No,No,No,No,No,No,hanging christmas lights on tall house,USD,50,0%,0%,Unknown,,,,,,,,,,,,,,,,,,,,,,,,,,,,,,,,
GKP-HL-1011,hanging christmas lights on tall roof,hanging christmas lights on tall roof,Review: seasonal but ambiguous intent,Yes,No,No,No,Yes,No,No,No,hanging christmas lights on tall roof,USD,0,0%,0%,Unknown,,,,,,,,,,,,,,,,,,,,,,,,,,,,,,,,
GKP-HL-1012,hanging christmas lights on tall trees,hanging christmas lights on tall trees,Review: seasonal but ambiguous intent,Yes,No,No,No,No,No,No,No,hanging christmas lights on tall trees,USD,50,0%,0%,Unknown,,,,,,,,,,,,,,,,,,,,,,,,,,,,,,,,
GKP-HL-1013,hanging christmas lights on the house,hanging christmas lights on the house,Review: seasonal but ambiguous intent,Yes,No,No,No,No,No,No,No,hanging christmas lights on the house,USD,50,-100%,-100%,Unknown,,,,,,,,,,,,,,,,,,,,,,,,,,,,,,,,
GKP-HL-1014,hanging christmas lights on tree inside,hanging christmas lights on tree inside,Review: seasonal but ambiguous intent,Yes,No,No,No,No,No,No,No,hanging christmas lights on tree inside,USD,0,0%,0%,Unknown,,,,,,,,,,,,,,,,,,,,,,,,,,,,,,,,
GKP-HL-1015,hanging christmas lights on your house,hanging christmas lights on your house,Review: seasonal but ambiguous intent,Yes,No,No,No,No,No,No,No,hanging christmas lights on your house,USD,50,0%,0%,Unknown,,,,,,,,,,,,,,,,,,,,,,,,,,,,,,,,
GKP-HL-1016,hanging christmas lights over gutter guards,hanging christmas lights over gutter guards,Review: seasonal but ambiguous intent,Yes,No,No,No,Yes,No,No,No,hanging christmas lights over gutter guards,USD,0,0%,0%,Unknown,,,,,,,,,,,,,,,,,,,,,,,,,,,,,,,,
GKP-HL-1017,hanging christmas lights steep roof,hanging christmas lights steep roof,Review: seasonal but ambiguous intent,Yes,No,No,No,Yes,No,No,No,hanging christmas lights steep roof,USD,50,0%,0%,Unknown,,,,,,,,,,,,,,,,,,,,,,,,,,,,,,,,
GKP-HL-1018,hanging christmas lights with leaf guards,hanging christmas lights with leaf guards,Review: seasonal but ambiguous intent,Yes,No,No,No,No,No,No,No,hanging christmas lights with leaf guards,USD,50,0%,0%,Unknown,,,,,,,,,,,,,,,,,,,,,,,,,,,,,,,,
GKP-HL-1019,hanging christmas tree with lights,hanging christmas tree with lights,Review: seasonal but ambiguous intent,Yes,No,No,No,No,No,No,No,hanging christmas tree with lights,USD,50,0%,0%,Unknown,,,,,,,,,,,,,,,,,,,,,,,,,,,,,,,,
GKP-HL-1020,hanging clips for christmas lights,hanging clips for christmas lights,Exclude or review: product/DIY intent,Yes,No,No,No,No,No,No,Yes,hanging clips for christmas lights,USD,50,0%,0%,Unknown,,,,,,,,,,,,,,,,,,,,,,,,,,,,,,,,
GKP-HL-1021,hanging high christmas lights,hanging high christmas lights,Review: seasonal but ambiguous intent,Yes,No,No,No,No,No,No,No,hanging high christmas lights,USD,50,0%,0%,Unknown,,,,,,,,,,,,,,,,,,,,,,,,,,,,,,,,
GKP-HL-1022,hanging house christmas lights,hanging house christmas lights,Review: seasonal but ambiguous intent,Yes,No,No,No,Yes,No,No,No,hanging house christmas lights,USD,0,0%,0%,Unknown,,,,,,,,,,,,,,,,,,,,,,,,,,,,,,,,
GKP-HL-1023,hanging icicle lights with gutter guards,hanging icicle lights with gutter guards,Exclude or review: unrelated/ambiguous,No,No,No,No,Yes,No,No,No,hanging icicle lights with gutter guards,USD,50,0%,-100%,Unknown,,,,,,,,,,,,,,,,,,,,,,,,,,,,,,,,
GKP-HL-1024,hanging lights installation,hanging lights installation,Review: adjacent nonseasonal service intent,No,Yes,No,No,No,No,No,No,hanging lights installation,USD,50,0%,0%,Low,29,,,,,,,,,,,,,,,,,,,,,,,,,,,,,,,
GKP-HL-1025,hanging up outdoor christmas lights,hanging up outdoor christmas lights,Review: seasonal but ambiguous intent,Yes,No,No,No,No,No,No,No,hanging up outdoor christmas lights,USD,50,0%,0%,Unknown,,,,,,,,,,,,,,,,,,,,,,,,,,,,,,,,
GKP-HL-1026,holiday installation,holiday installation,Candidate: seasonal service intent,Yes,Yes,No,No,No,No,No,No,holiday installation,USD,50,0%,0%,Unknown,,,,,,,,,,,,,,,,,,,,,,,,,,,,,,,,
GKP-HL-1027,holiday light decorating service,holiday light decorating service,Candidate: seasonal service intent,Yes,Yes,No,No,No,No,No,No,holiday light decorating service,USD,50,∞,0%,Low,14,,,,,,,,,,,,,,,,,,,,,,,,,,,,,,,
GKP-HL-1028,holiday light installers woodridge,holiday light installers woodridge,Candidate: seasonal service intent,Yes,Yes,No,No,No,No,No,No,holiday light installers woodridge,USD,, --, --,Unknown,,,,,,,,,,,,,,,,,,,,,,,,,,,,,,,,
GKP-HL-1029,holiday lighting co,holiday lighting co,Review: seasonal but ambiguous intent,Yes,No,No,No,No,No,No,No,holiday lighting co,USD,50,0%,0%,Low,20,,,,,,,,,,,,,,,,,,,,,,,,,,,,,,,
GKP-HL-1030,holiday lighting installation aurora,holiday lighting installation aurora,Candidate: seasonal service intent,Yes,Yes,No,No,No,No,No,No,holiday lighting installation aurora,USD,, --, --,Unknown,,,,,,,,,,,,,,,,,,,,,,,,,,,,,,,,
GKP-HL-1031,holiday lighting installation batavia,holiday lighting installation batavia,Candidate: seasonal service intent,Yes,Yes,No,No,No,No,No,No,holiday lighting installation batavia,USD,, --, --,Unknown,,,,,,,,,,,,,,,,,,,,,,,,,,,,,,,,
GKP-HL-1032,holiday lighting installation plainfield,holiday lighting installation plainfield,Candidate: seasonal service intent,Yes,Yes,No,No,No,No,No,No,holiday lighting installation plainfield,USD,, --, --,Unknown,,,,,,,,,,,,,,,,,,,,,,,,,,,,,,,,
GKP-HL-1033,holiday lighting installation price,holiday lighting installation price,Candidate: seasonal service intent,Yes,Yes,No,Yes,No,No,No,No,holiday lighting installation price,USD,500,0%,0%,Medium,43,1.17,4.68,,,,,,,,,,,,,,,,,,,,,,,,,,,,,
GKP-HL-1034,holiday lighting professionals,holiday lighting professionals,Candidate: seasonal service intent,Yes,Yes,No,No,No,No,No,No,holiday lighting professionals,USD,50,0%,0%,Medium,66,,,,,,,,,,,,,,,,,,,,,,,,,,,,,,,
GKP-HL-1035,holiday lights professionals,holiday lights professionals,Candidate: seasonal service intent,Yes,Yes,No,No,No,No,No,No,holiday lights professionals,USD,50,0%,0%,Medium,66,,,,,,,,,,,,,,,,,,,,,,,,,,,,,,,
GKP-HL-1036,holiday lights specialists,holiday lights specialists,Review: seasonal but ambiguous intent,Yes,No,No,No,No,No,No,No,holiday lights specialists,USD,50,0%,0%,Unknown,,,,,,,,,,,,,,,,,,,,,,,,,,,,,,,,
GKP-HL-1037,holiday style brand lights,holiday style brand lights,Review: seasonal but ambiguous intent,Yes,No,No,No,No,No,No,No,holiday style brand lights,USD,0,0%,0%,Unknown,,,,,,,,,,,,,,,,,,,,,,,,,,,,,,,,
GKP-HL-1038,home christmas lights hanger,home christmas lights hanger,Review: seasonal but ambiguous intent,Yes,No,No,No,Yes,No,No,No,home christmas lights hanger,USD,, --, --,Unknown,,,,,,,,,,,,,,,,,,,,,,,,,,,,,,,,
GKP-HL-1039,home depot christmas light exchange,home depot christmas light exchange,Exclude or review: product/DIY intent,Yes,No,No,No,Yes,No,No,Yes,home depot christmas light exchange,USD,50,0%,0%,Unknown,,,,,,,,,,,,,,,,,,,,,,,,,,,,,,,,
GKP-HL-1040,hooking up christmas lights outdoor,hooking up christmas lights outdoor,Exclude or review: product/DIY intent,Yes,No,No,No,No,No,No,Yes,hooking up christmas lights outdoor,USD,50,0%,0%,Unknown,,,,,,,,,,,,,,,,,,,,,,,,,,,,,,,,
GKP-HL-1041,infomercial christmas lights,infomercial christmas lights,Review: seasonal but ambiguous intent,Yes,No,No,No,No,No,No,No,infomercial christmas lights,USD,50,0%,0%,Unknown,,,,,,,,,,,,,,,,,,,,,,,,,,,,,,,,
GKP-HL-1042,install christmas,install christmas,Candidate: seasonal service intent,Yes,Yes,No,No,No,No,No,No,install christmas,USD,50,0%,0%,Unknown,,,,,,,,,,,,,,,,,,,,,,,,,,,,,,,,
GKP-HL-1043,install christmas lights around garage,install christmas lights around garage,Candidate: seasonal service intent,Yes,Yes,No,No,No,No,No,No,install christmas lights around garage,USD,50,0%,0%,Unknown,,,,,,,,,,,,,,,,,,,,,,,,,,,,,,,,
GKP-HL-1044,install christmas lights like a pro,install christmas lights like a pro,Candidate: seasonal service intent,Yes,Yes,No,No,No,No,No,No,install christmas lights like a pro,USD,50,0%,0%,Unknown,,,,,,,,,,,,,,,,,,,,,,,,,,,,,,,,
GKP-HL-1045,install christmas lights under gutter,install christmas lights under gutter,Candidate: seasonal service intent,Yes,Yes,No,No,Yes,No,No,No,install christmas lights under gutter,USD,0,0%,0%,Unknown,,,,,,,,,,,,,,,,,,,,,,,,,,,,,,,,
GKP-HL-1046,install christmas lights with gutter guards,install christmas lights with gutter guards,Candidate: seasonal service intent,Yes,Yes,No,No,Yes,No,No,No,install christmas lights with gutter guards,USD,50,0%,-100%,Unknown,,,,,,,,,,,,,,,,,,,,,,,,,,,,,,,,
GKP-HL-1047,install christmas lights without ladder,install christmas lights without ladder,Candidate: seasonal service intent,Yes,Yes,No,No,No,No,No,No,install christmas lights without ladder,USD,50,0%,0%,Unknown,,,,,,,,,,,,,,,,,,,,,,,,,,,,,,,,
GKP-HL-1048,install christmas tree lights batavia,install christmas tree lights batavia,Candidate: seasonal service intent,Yes,Yes,No,No,No,No,No,No,install christmas tree lights batavia,USD,, --, --,Unknown,,,,,,,,,,,,,,,,,,,,,,,,,,,,,,,,
GKP-HL-1049,install christmas tree lights western springs,install christmas tree lights western springs,Candidate: seasonal service intent,Yes,Yes,No,No,No,No,No,No,install christmas tree lights western springs,USD,, --, --,Unknown,,,,,,,,,,,,,,,,,,,,,,,,,,,,,,,,
GKP-HL-1050,install christmas tree lights woodridge,install christmas tree lights woodridge,Candidate: seasonal service intent,Yes,Yes,No,No,No,No,No,No,install christmas tree lights woodridge,USD,, --, --,Unknown,,,,,,,,,,,,,,,,,,,,,,,,,,,,,,,,
GKP-HL-1051,install tree lights,install tree lights,Review: adjacent nonseasonal service intent,No,Yes,No,No,No,No,No,No,install tree lights,USD,0,0%,0%,Unknown,,,,,,,,,,,,,,,,,,,,,,,,,,,,,,,,
GKP-HL-1052,install twinkly lights,install twinkly lights,Review: adjacent nonseasonal service intent,No,Yes,No,No,No,No,No,No,install twinkly lights,USD,50,0%,0%,Unknown,,,,,,,,,,,,,,,,,,,,,,,,,,,,,,,,
GKP-HL-1053,installation lights,installation lights,Review: adjacent nonseasonal service intent,No,Yes,No,No,No,No,No,No,installation lights,USD,500,0%,-90%,Medium,36,10.31,52.00,,,,,,,,,,,,,,,,,,,,,,,,,,,,,
GKP-HL-1054,installing c9 christmas lights,installing c9 christmas lights,Candidate: seasonal service intent,Yes,Yes,No,No,No,No,No,No,installing c9 christmas lights,USD,50,0%,0%,Unknown,,,,,,,,,,,,,,,,,,,,,,,,,,,,,,,,
GKP-HL-1055,installing christmas light clips,installing christmas light clips,Exclude or review: product/DIY intent,Yes,Yes,No,No,No,No,No,Yes,installing christmas light clips,USD,50,0%,0%,Unknown,,,,,,,,,,,,,,,,,,,,,,,,,,,,,,,,
GKP-HL-1056,installing christmas lights around windows,installing christmas lights around windows,Candidate: seasonal service intent,Yes,Yes,No,No,No,No,No,No,installing christmas lights around windows,USD,50,0%,0%,Unknown,,,,,,,,,,,,,,,,,,,,,,,,,,,,,,,,
GKP-HL-1057,installing christmas lights on brick,installing christmas lights on brick,Candidate: seasonal service intent,Yes,Yes,No,No,No,No,No,No,installing christmas lights on brick,USD,50,0%,0%,Unknown,,,,,,,,,,,,,,,,,,,,,,,,,,,,,,,,
GKP-HL-1058,installing christmas lights on gutters,installing christmas lights on gutters,Candidate: seasonal service intent,Yes,Yes,No,No,Yes,No,No,No,installing christmas lights on gutters,USD,50,0%,0%,Unknown,,,,,,,,,,,,,,,,,,,,,,,,,,,,,,,,
GKP-HL-1059,installing christmas lights on roof ridge,installing christmas lights on roof ridge,Candidate: seasonal service intent,Yes,Yes,No,No,Yes,No,No,No,installing christmas lights on roof ridge,USD,50,0%,0%,Unknown,,,,,,,,,,,,,,,,,,,,,,,,,,,,,,,,
GKP-HL-1060,installing christmas lights on shingles,installing christmas lights on shingles,Candidate: seasonal service intent,Yes,Yes,No,No,No,No,No,No,installing christmas lights on shingles,USD,0,0%,0%,Unknown,,,,,,,,,,,,,,,,,,,,,,,,,,,,,,,,
GKP-HL-1061,installing christmas lights on steep roof,installing christmas lights on steep roof,Candidate: seasonal service intent,Yes,Yes,No,No,Yes,No,No,No,installing christmas lights on steep roof,USD,50,0%,0%,Unknown,,,,,,,,,,,,,,,,,,,,,,,,,,,,,,,,
GKP-HL-1062,installing christmas lights on stucco,installing christmas lights on stucco,Candidate: seasonal service intent,Yes,Yes,No,No,No,No,No,No,installing christmas lights on stucco,USD,, --, --,Unknown,,,,,,,,,,,,,,,,,,,,,,,,,,,,,,,,
GKP-HL-1063,installing christmas lights on tall roof,installing christmas lights on tall roof,Candidate: seasonal service intent,Yes,Yes,No,No,Yes,No,No,No,installing christmas lights on tall roof,USD,, --, --,Unknown,,,,,,,,,,,,,,,,,,,,,,,,,,,,,,,,
GKP-HL-1064,installing commercial christmas lights,installing commercial christmas lights,Candidate: seasonal service intent,Yes,Yes,No,No,No,Yes,No,No,installing commercial christmas lights,USD,50,0%,0%,Unknown,,,,,,,,,,,,,,,,,,,,,,,,,,,,,,,,
GKP-HL-1065,installing cove lighting,installing cove lighting,Review: adjacent nonseasonal service intent,No,Yes,No,No,No,No,No,No,installing cove lighting,USD,50,∞,0%,Low,0,,,,,,,,,,,,,,,,,,,,,,,,,,,,,,,
GKP-HL-1066,installing net lights,installing net lights,Review: adjacent nonseasonal service intent,No,Yes,No,No,No,No,No,No,installing net lights,USD,50,0%,0%,Unknown,,,,,,,,,,,,,,,,,,,,,,,,,,,,,,,,
GKP-HL-1067,installing outdoor christmas lights on roof,installing outdoor christmas lights on roof,Candidate: seasonal service intent,Yes,Yes,No,No,Yes,No,No,No,installing outdoor christmas lights on roof,USD,50,0%,-100%,Unknown,,,,,,,,,,,,,,,,,,,,,,,,,,,,,,,,
GKP-HL-1068,installing professional christmas lights,installing professional christmas lights,Candidate: seasonal service intent,Yes,Yes,No,No,No,No,No,No,installing professional christmas lights,USD,50,0%,-100%,Unknown,,,,,,,,,,,,,,,,,,,,,,,,,,,,,,,,
GKP-HL-1069,iridescent reindeer home depot,iridescent reindeer home depot,Exclude or review: unrelated/ambiguous,No,No,No,No,Yes,No,No,Yes,iridescent reindeer home depot,USD,50,0%,-100%,Unknown,,,,,,,,,,,,,,,,,,,,,,,,,,,,,,,,
GKP-HL-1070,j hofert co led christmas lights,j hofert co led christmas lights,Review: seasonal but ambiguous intent,Yes,No,No,No,No,No,No,No,j hofert co led christmas lights,USD,, --, --,Unknown,,,,,,,,,,,,,,,,,,,,,,,,,,,,,,,,
GKP-HL-1071,jbs holiday lighting,jbs holiday lighting,Review: seasonal but ambiguous intent,Yes,No,No,No,No,No,No,No,jbs holiday lighting,USD,0,0%,0%,Unknown,,,,,,,,,,,,,,,,,,,,,,,,,,,,,,,,
GKP-HL-1072,kingswood fir christmas tree,kingswood fir christmas tree,Review: seasonal but ambiguous intent,Yes,No,No,No,No,No,No,No,kingswood fir christmas tree,USD,50,0%,0%,Unknown,,,,,,,,,,,,,,,,,,,,,,,,,,,,,,,,
GKP-HL-1073,kingswood fir pencil christmas tree,kingswood fir pencil christmas tree,Review: seasonal but ambiguous intent,Yes,No,No,No,No,No,No,No,kingswood fir pencil christmas tree,USD,0,0%,0%,Unknown,,,,,,,,,,,,,,,,,,,,,,,,,,,,,,,,
GKP-HL-1074,lakewood christmas light installation near me,lakewood christmas light installation near me,Candidate: seasonal service intent,Yes,Yes,Yes,No,No,No,No,No,lakewood christmas light installation near me,USD,, --, --,Unknown,,,,,,,,,,,,,,,,,,,,,,,,,,,,,,,,
GKP-HL-1075,leaf guard christmas lights,leaf guard christmas lights,Review: seasonal but ambiguous intent,Yes,No,No,No,No,No,No,No,leaf guard christmas lights,USD,0,0%,0%,Unknown,,,,,,,,,,,,,,,,,,,,,,,,,,,,,,,,
GKP-HL-1076,led permanent lights,led permanent lights,Exclude or verify: permanent lighting,No,No,No,No,No,No,Yes,No,led permanent lights,USD,50,0%,0%,High,93,2.38,5.52,,,,,,,,,,,,,,,,,,,,,,,,,,,,,
GKP-HL-1077,light em up christmas light installation,light em up christmas light installation,Candidate: seasonal service intent,Yes,Yes,No,No,No,No,No,No,light em up christmas light installation,USD,50,0%,0%,Unknown,,,,,,,,,,,,,,,,,,,,,,,,,,,,,,,,
GKP-HL-1078,lit christmas light installation,lit christmas light installation,Candidate: seasonal service intent,Yes,Yes,No,No,No,No,No,No,lit christmas light installation,USD,50,0%,0%,Unknown,,,,,,,,,,,,,,,,,,,,,,,,,,,,,,,,
GKP-HL-1079,ltd christmas lights,ltd christmas lights,Review: seasonal but ambiguous intent,Yes,No,No,No,No,No,No,No,ltd christmas lights,USD,0,0%,0%,Unknown,,,,,,,,,,,,,,,,,,,,,,,,,,,,,,,,
GKP-HL-1080,lyonridge christmas lights christmas light installation,lyonridge christmas lights christmas light installation,Candidate: seasonal service intent,Yes,Yes,No,No,No,No,No,No,lyonridge christmas lights christmas light installation,USD,, --, --,Unknown,,,,,,,,,,,,,,,,,,,,,,,,,,,,,,,,
GKP-HL-1081,majestic christmas lighting,majestic christmas lighting,Review: seasonal but ambiguous intent,Yes,No,No,No,No,No,No,No,majestic christmas lighting,USD,50,0%,0%,Unknown,,,,,,,,,,,,,,,,,,,,,,,,,,,,,,,,
GKP-HL-1082,majestic fir christmas tree,majestic fir christmas tree,Review: seasonal but ambiguous intent,Yes,No,No,No,No,No,No,No,majestic fir christmas tree,USD,50,0%,0%,Unknown,,,,,,,,,,,,,,,,,,,,,,,,,,,,,,,,
GKP-HL-1083,mr light bright christmas light installations,mr light bright christmas light installations,Candidate: seasonal service intent,Yes,Yes,No,No,No,No,No,No,mr light bright christmas light installations,USD,, --, --,Unknown,,,,,,,,,,,,,,,,,,,,,,,,,,,,,,,,
GKP-HL-1084,national pre lit christmas tree,national pre lit christmas tree,Exclude or review: product/DIY intent,Yes,No,No,No,No,No,No,Yes,national pre lit christmas tree,USD,50,∞,∞,High,100,,,,,,,,,,,,,,,,,,,,,,,,,,,,,,,
GKP-HL-1085,national tree 3 foot nordic spruce christmas tree,national tree 3 foot nordic spruce christmas tree,Review: seasonal but ambiguous intent,Yes,No,No,No,No,No,No,No,national tree 3 foot nordic spruce christmas tree,USD,0,0%,0%,Unknown,,,,,,,,,,,,,,,,,,,,,,,,,,,,,,,,
GKP-HL-1086,national tree 38 santa's sleigh with led lights,national tree 38 santa's sleigh with led lights,Exclude or review: unrelated/ambiguous,No,No,No,No,No,No,No,No,national tree 38 santa's sleigh with led lights,USD,0,0%,0%,Unknown,,,,,,,,,,,,,,,,,,,,,,,,,,,,,,,,
GKP-HL-1087,national tree carolina pine tree with clear lights,national tree carolina pine tree with clear lights,Exclude or review: unrelated/ambiguous,No,No,No,No,No,No,No,No,national tree carolina pine tree with clear lights,USD,50,0%,0%,Unknown,,,,,,,,,,,,,,,,,,,,,,,,,,,,,,,,
GKP-HL-1088,national tree christmas lights,national tree christmas lights,Review: seasonal but ambiguous intent,Yes,No,No,No,No,No,No,No,national tree christmas lights,USD,50,0%,0%,Unknown,,,,,,,,,,,,,,,,,,,,,,,,,,,,,,,,
GKP-HL-1089,national tree company 60 in christmas tree with led lights,national tree company 60 in christmas tree with led lights,Exclude or review: product/DIY intent,Yes,Yes,No,No,No,No,No,Yes,national tree company 60 in christmas tree with led lights,USD,0,0%,0%,Unknown,,,,,,,,,,,,,,,,,,,,,,,,,,,,,,,,
GKP-HL-1090,national tree company 9 foot kingswood fir pencil christmas tree,national tree company 9 foot kingswood fir pencil christmas tree,Exclude or review: product/DIY intent,Yes,Yes,No,No,No,No,No,Yes,national tree company 9 foot kingswood fir pencil christmas tree,USD,0,0%,0%,Unknown,,,,,,,,,,,,,,,,,,,,,,,,,,,,,,,,
GKP-HL-1091,national tree company christmas lights,national tree company christmas lights,Exclude or review: product/DIY intent,Yes,Yes,No,No,No,No,No,Yes,national tree company christmas lights,USD,50,0%,0%,Unknown,,,,,,,,,,,,,,,,,,,,,,,,,,,,,,,,
GKP-HL-1092,national tree company kissing ball,national tree company kissing ball,Review: adjacent nonseasonal service intent,No,Yes,No,No,No,No,No,Yes,national tree company kissing ball,USD,50,0%,0%,Unknown,,,,,,,,,,,,,,,,,,,,,,,,,,,,,,,,
GKP-HL-1093,national tree company white fir artificial christmas tree,national tree company white fir artificial christmas tree,Exclude or review: product/DIY intent,Yes,Yes,No,No,No,No,No,Yes,national tree company white fir artificial christmas tree,USD,0,0%,0%,Unknown,,,,,,,,,,,,,,,,,,,,,,,,,,,,,,,,
GKP-HL-1094,national tree company white fir christmas tree,national tree company white fir christmas tree,Exclude or review: product/DIY intent,Yes,Yes,No,No,No,No,No,Yes,national tree company white fir christmas tree,USD,, --, --,Unknown,,,,,,,,,,,,,,,,,,,,,,,,,,,,,,,,
GKP-HL-1095,national tree dunhill fir christmas tree,national tree dunhill fir christmas tree,Review: seasonal but ambiguous intent,Yes,No,No,No,No,No,No,No,national tree dunhill fir christmas tree,USD,50,0%,0%,Unknown,,,,,,,,,,,,,,,,,,,,,,,,,,,,,,,,
GKP-HL-1096,national tree dunhill fir tree with dual color led lights,national tree dunhill fir tree with dual color led lights,Exclude or review: unrelated/ambiguous,No,No,No,No,No,No,No,No,national tree dunhill fir tree with dual color led lights,USD,50,0%,0%,Unknown,,,,,,,,,,,,,,,,,,,,,,,,,,,,,,,,
GKP-HL-1097,northern lights christmas light installation,northern lights christmas light installation,Candidate: seasonal service intent,Yes,Yes,No,No,No,No,No,No,northern lights christmas light installation,USD,0,0%,0%,Unknown,,,,,,,,,,,,,,,,,,,,,,,,,,,,,,,,
GKP-HL-1098,oriental trading christmas light necklace,oriental trading christmas light necklace,Review: seasonal but ambiguous intent,Yes,No,No,No,No,No,No,No,oriental trading christmas light necklace,USD,50,0%,0%,Unknown,,,,,,,,,,,,,,,,,,,,,,,,,,,,,,,,
GKP-HL-1099,outdoor christmas light design,outdoor christmas light design,Review: seasonal but ambiguous intent,Yes,No,No,No,No,No,No,No,outdoor christmas light design,USD,50,0%,0%,High,100,,,,,,,,,,,,,,,,,,,,,,,,,,,,,,,
GKP-HL-1100,outdoor christmas light fitters,outdoor christmas light fitters,Review: seasonal but ambiguous intent,Yes,No,No,No,No,No,No,No,outdoor christmas light fitters,USD,0,0%,0%,Unknown,,,,,,,,,,,,,,,,,,,,,,,,,,,,,,,,
GKP-HL-1101,outdoor holiday lighting companies,outdoor holiday lighting companies,Review: seasonal but ambiguous intent,Yes,No,No,No,No,No,No,No,outdoor holiday lighting companies,USD,50,0%,0%,Unknown,,,,,,,,,,,,,,,,,,,,,,,,,,,,,,,,
GKP-HL-1102,outdoor snowman holding lights,outdoor snowman holding lights,Exclude or review: unrelated/ambiguous,No,No,No,No,No,No,No,No,outdoor snowman holding lights,USD,50,0%,0%,Unknown,,,,,,,,,,,,,,,,,,,,,,,,,,,,,,,,
GKP-HL-1103,outdoor tree hanging christmas lights,outdoor tree hanging christmas lights,Review: seasonal but ambiguous intent,Yes,No,No,No,No,No,No,No,outdoor tree hanging christmas lights,USD,50,0%,0%,Unknown,,,,,,,,,,,,,,,,,,,,,,,,,,,,,,,,
GKP-HL-1104,people's light christmas carol,people's light christmas carol,Review: seasonal but ambiguous intent,Yes,No,No,No,No,No,No,No,people's light christmas carol,USD,50,0%,0%,Unknown,,,,,,,,,,,,,,,,,,,,,,,,,,,,,,,,
GKP-HL-1105,permanent christmas lights install,permanent christmas lights install,Exclude or verify: permanent lighting,Yes,Yes,No,No,No,No,Yes,No,permanent christmas lights install,USD,50,0%,0%,Unknown,,,,,,,,,,,,,,,,,,,,,,,,,,,,,,,,
GKP-HL-1106,permanent holiday lights outdoor,permanent holiday lights outdoor,Exclude or verify: permanent lighting,Yes,No,No,No,No,No,Yes,No,permanent holiday lights outdoor,USD,50,0%,0%,Unknown,,,,,,,,,,,,,,,,,,,,,,,,,,,,,,,,
GKP-HL-1107,permanent lights house,permanent lights house,Exclude or verify: permanent lighting,No,No,No,No,No,No,Yes,No,permanent lights house,USD,50,0%,-100%,Unknown,,,,,,,,,,,,,,,,,,,,,,,,,,,,,,,,
GKP-HL-1108,permanent outdoor christmas light,permanent outdoor christmas light,Exclude or verify: permanent lighting,Yes,No,No,No,No,No,Yes,No,permanent outdoor christmas light,USD,50,0%,0%,High,93,1.35,8.10,,,,,,,,,,,,,,,,,,,,,,,,,,,,,
GKP-HL-1109,pre lit christmas tree national tree company,pre lit christmas tree national tree company,Exclude or review: product/DIY intent,Yes,Yes,No,No,No,No,No,Yes,pre lit christmas tree national tree company,USD,50,0%,0%,Unknown,,,,,,,,,,,,,,,,,,,,,,,,,,,,,,,,
GKP-HL-1110,premier holiday lighting,premier holiday lighting,Review: seasonal but ambiguous intent,Yes,No,No,No,No,No,No,No,premier holiday lighting,USD,50,-100%,-100%,Unknown,,,,,,,,,,,,,,,,,,,,,,,,,,,,,,,,
GKP-HL-1111,premier outdoor xmas lights,premier outdoor xmas lights,Review: seasonal but ambiguous intent,Yes,No,No,No,No,No,No,No,premier outdoor xmas lights,USD,50,0%,0%,Unknown,,,,,,,,,,,,,,,,,,,,,,,,,,,,,,,,
GKP-HL-1112,price for hanging christmas lights,price for hanging christmas lights,Review: seasonal but ambiguous intent,Yes,No,No,Yes,No,No,No,No,price for hanging christmas lights,USD,50,0%,0%,Unknown,,,,,,,,,,,,,,,,,,,,,,,,,,,,,,,,
GKP-HL-1113,pricing christmas light installation,pricing christmas light installation,Candidate: seasonal service intent,Yes,Yes,No,No,No,No,No,No,pricing christmas light installation,USD,50,0%,0%,Unknown,,,,,,,,,,,,,,,,,,,,,,,,,,,,,,,,
GKP-HL-1114,professional christmas lights price,professional christmas lights price,Candidate: seasonal service intent,Yes,Yes,No,Yes,No,No,No,No,professional christmas lights price,USD,50,0%,0%,Unknown,,,,,,,,,,,,,,,,,,,,,,,,,,,,,,,,
GKP-HL-1115,put christmas lights around windows,put christmas lights around windows,Review: seasonal but ambiguous intent,Yes,No,No,No,No,No,No,No,put christmas lights around windows,USD,50,-100%,0%,Unknown,,,,,,,,,,,,,,,,,,,,,,,,,,,,,,,,
GKP-HL-1116,putting christmas lights in windows,putting christmas lights in windows,Review: seasonal but ambiguous intent,Yes,No,No,No,No,No,No,No,putting christmas lights in windows,USD,50,0%,0%,Unknown,,,,,,,,,,,,,,,,,,,,,,,,,,,,,,,,
GKP-HL-1117,putting christmas lights on steep roof,putting christmas lights on steep roof,Review: seasonal but ambiguous intent,Yes,No,No,No,Yes,No,No,No,putting christmas lights on steep roof,USD,50,0%,0%,Unknown,,,,,,,,,,,,,,,,,,,,,,,,,,,,,,,,
GKP-HL-1118,putting lights around windows,putting lights around windows,Exclude or review: unrelated/ambiguous,No,No,No,No,No,No,No,No,putting lights around windows,USD,50,0%,0%,Unknown,,,,,,,,,,,,,,,,,,,,,,,,,,,,,,,,
GKP-HL-1119,putting lights on roof,putting lights on roof,Exclude or review: unrelated/ambiguous,No,No,No,No,Yes,No,No,No,putting lights on roof,USD,50,0%,0%,Unknown,,,,,,,,,,,,,,,,,,,,,,,,,,,,,,,,
GKP-HL-1120,putting lights on windows,putting lights on windows,Exclude or review: unrelated/ambiguous,No,No,No,No,No,No,No,No,putting lights on windows,USD,0,0%,0%,Unknown,,,,,,,,,,,,,,,,,,,,,,,,,,,,,,,,
GKP-HL-1121,putting up c9 christmas lights,putting up c9 christmas lights,Review: seasonal but ambiguous intent,Yes,No,No,No,No,No,No,No,putting up c9 christmas lights,USD,0,0%,0%,Unknown,,,,,,,,,,,,,,,,,,,,,,,,,,,,,,,,
GKP-HL-1122,putting up christmas lights on tree,putting up christmas lights on tree,Review: seasonal but ambiguous intent,Yes,No,No,No,No,No,No,No,putting up christmas lights on tree,USD,50,0%,0%,Unknown,,,,,,,,,,,,,,,,,,,,,,,,,,,,,,,,
GKP-HL-1123,putting up christmas lights outside,putting up christmas lights outside,Review: seasonal but ambiguous intent,Yes,No,No,No,No,No,No,No,putting up christmas lights outside,USD,50,0%,0%,Unknown,,,,,,,,,,,,,,,,,,,,,,,,,,,,,,,,
GKP-HL-1124,putting up christmas lights with gutter guards,putting up christmas lights with gutter guards,Review: seasonal but ambiguous intent,Yes,No,No,No,Yes,No,No,No,putting up christmas lights with gutter guards,USD,50,0%,0%,Unknown,,,,,,,,,,,,,,,,,,,,,,,,,,,,,,,,
GKP-HL-1125,putting up christmas lights without a ladder,putting up christmas lights without a ladder,Review: seasonal but ambiguous intent,Yes,No,No,No,No,No,No,No,putting up christmas lights without a ladder,USD,50,0%,0%,Unknown,,,,,,,,,,,,,,,,,,,,,,,,,,,,,,,,
GKP-HL-1126,putting up christmas tree lights,putting up christmas tree lights,Review: seasonal but ambiguous intent,Yes,No,No,No,No,No,No,No,putting up christmas tree lights,USD,50,0%,0%,Unknown,,,,,,,,,,,,,,,,,,,,,,,,,,,,,,,,
GKP-HL-1127,putting up icicle lights,putting up icicle lights,Exclude or review: unrelated/ambiguous,No,No,No,No,No,No,No,No,putting up icicle lights,USD,50,0%,0%,Unknown,,,,,,,,,,,,,,,,,,,,,,,,,,,,,,,,
GKP-HL-1128,putting up lights on a christmas tree,putting up lights on a christmas tree,Review: seasonal but ambiguous intent,Yes,No,No,No,No,No,No,No,putting up lights on a christmas tree,USD,50,0%,0%,Unknown,,,,,,,,,,,,,,,,,,,,,,,,,,,,,,,,
GKP-HL-1129,putting up string lights,putting up string lights,Exclude or review: unrelated/ambiguous,No,No,No,No,No,No,No,No,putting up string lights,USD,50,-100%,-100%,Unknown,,,,,,,,,,,,,,,,,,,,,,,,,,,,,,,,
GKP-HL-1130,reindeer lighting llc,reindeer lighting llc,Exclude or review: unrelated/ambiguous,No,No,No,No,No,No,No,No,reindeer lighting llc,USD,0,0%,0%,Unknown,,,,,,,,,,,,,,,,,,,,,,,,,,,,,,,,
GKP-HL-1131,roof hanging christmas lights,roof hanging christmas lights,Review: seasonal but ambiguous intent,Yes,No,No,No,Yes,No,No,No,roof hanging christmas lights,USD,50,0%,0%,Unknown,,,,,,,,,,,,,,,,,,,,,,,,,,,,,,,,
GKP-HL-1132,roofline xmas lights,roofline xmas lights,Review: seasonal but ambiguous intent,Yes,No,No,No,Yes,No,No,No,roofline xmas lights,USD,50,∞,0%,High,100,,,,,,,,,,,,,,,,,,,,,,,,,,,,,,,
GKP-HL-1133,the best way to hang christmas lights,the best way to hang christmas lights,Exclude or review: product/DIY intent,Yes,No,No,No,No,No,No,Yes,the best way to hang christmas lights,USD,50,0%,0%,Unknown,,,,,,,,,,,,,,,,,,,,,,,,,,,,,,,,
GKP-HL-1134,the best way to put up christmas lights,the best way to put up christmas lights,Exclude or review: product/DIY intent,Yes,Yes,No,No,No,No,No,Yes,the best way to put up christmas lights,USD,50,0%,0%,Unknown,,,,,,,,,,,,,,,,,,,,,,,,,,,,,,,,
GKP-HL-1135,the jolly sleigh company lights,the jolly sleigh company lights,Review: adjacent nonseasonal service intent,No,Yes,No,No,No,No,No,No,the jolly sleigh company lights,USD,, --, --,Unknown,,,,,,,,,,,,,,,,,,,,,,,,,,,,,,,,
GKP-HL-1136,the jolly sleigh company outdoor lights,the jolly sleigh company outdoor lights,Review: adjacent nonseasonal service intent,No,Yes,No,No,No,No,No,No,the jolly sleigh company outdoor lights,USD,, --, --,Unknown,,,,,,,,,,,,,,,,,,,,,,,,,,,,,,,,
GKP-HL-1137,the professionals christmas lights,the professionals christmas lights,Candidate: seasonal service intent,Yes,Yes,No,No,No,No,No,No,the professionals christmas lights,USD,, --, --,Unknown,,,,,,,,,,,,,,,,,,,,,,,,,,,,,,,,
GKP-HL-1138,the white company christmas tree lights,the white company christmas tree lights,Candidate: seasonal service intent,Yes,Yes,No,No,No,No,No,No,the white company christmas tree lights,USD,, --, --,Unknown,,,,,,,,,,,,,,,,,,,,,,,,,,,,,,,,
GKP-HL-1139,theholidaylightcompany,theholidaylightcompany,Candidate: seasonal service intent,Yes,Yes,No,No,No,No,No,No,theholidaylightcompany,USD,, --, --,Unknown,,,,,,,,,,,,,,,,,,,,,,,,,,,,,,,,
GKP-HL-1140,to hang christmas lights up,to hang christmas lights up,Review: seasonal but ambiguous intent,Yes,No,No,No,No,No,No,No,to hang christmas lights up,USD,0,0%,0%,Unknown,,,,,,,,,,,,,,,,,,,,,,,,,,,,,,,,
GKP-HL-1141,toyo electric mfg co ltd christmas lights,toyo electric mfg co ltd christmas lights,Review: seasonal but ambiguous intent,Yes,No,No,No,No,No,No,No,toyo electric mfg co ltd christmas lights,USD,50,0%,0%,Unknown,,,,,,,,,,,,,,,,,,,,,,,,,,,,,,,,
GKP-HL-1142,true value hardware christmas lights,true value hardware christmas lights,Review: seasonal but ambiguous intent,Yes,No,No,No,No,No,No,No,true value hardware christmas lights,USD,50,0%,0%,Unknown,,,,,,,,,,,,,,,,,,,,,,,,,,,,,,,,
GKP-HL-1143,twinkly lights install,twinkly lights install,Review: adjacent nonseasonal service intent,No,Yes,No,No,No,No,No,No,twinkly lights install,USD,50,0%,0%,Unknown,,,,,,,,,,,,,,,,,,,,,,,,,,,,,,,,
GKP-HL-1144,twinkly lights installation,twinkly lights installation,Review: adjacent nonseasonal service intent,No,Yes,No,No,No,No,No,No,twinkly lights installation,USD,50,0%,0%,Unknown,,,,,,,,,,,,,,,,,,,,,,,,,,,,,,,,
GKP-HL-1145,two's company christmas tree night light,two's company christmas tree night light,Candidate: seasonal service intent,Yes,Yes,No,No,No,No,No,No,two's company christmas tree night light,USD,50,0%,0%,Unknown,,,,,,,,,,,,,,,,,,,,,,,,,,,,,,,,
GKP-HL-1146,walmart christmas light install,walmart christmas light install,Exclude or review: product/DIY intent,Yes,Yes,No,No,No,No,No,Yes,walmart christmas light install,USD,50,0%,0%,Unknown,,,,,,,,,,,,,,,,,,,,,,,,,,,,,,,,
GKP-HL-1147,walmart install christmas lights,walmart install christmas lights,Exclude or review: product/DIY intent,Yes,Yes,No,No,No,No,No,Yes,walmart install christmas lights,USD,50,0%,0%,Unknown,,,,,,,,,,,,,,,,,,,,,,,,,,,,,,,,
GKP-HL-1148,we hang christmas lights llc,we hang christmas lights llc,Review: seasonal but ambiguous intent,Yes,No,No,No,No,No,No,No,we hang christmas lights llc,USD,50,0%,0%,Unknown,,,,,,,,,,,,,,,,,,,,,,,,,,,,,,,,
GKP-HL-1149,we hang your christmas lights,we hang your christmas lights,Review: seasonal but ambiguous intent,Yes,No,No,No,No,No,No,No,we hang your christmas lights,USD,50,0%,0%,Unknown,,,,,,,,,,,,,,,,,,,,,,,,,,,,,,,,
GKP-HL-1150,white company christmas tree lights,white company christmas tree lights,Candidate: seasonal service intent,Yes,Yes,No,No,No,No,No,No,white company christmas tree lights,USD,, --, --,Unknown,,,,,,,,,,,,,,,,,,,,,,,,,,,,,,,,
GKP-HL-1151,white company christmas tree pre lit,white company christmas tree pre lit,Exclude or review: product/DIY intent,Yes,Yes,No,No,No,No,No,Yes,white company christmas tree pre lit,USD,50,0%,0%,Unknown,,,,,,,,,,,,,,,,,,,,,,,,,,,,,,,,
GKP-HL-1152,white company lights christmas,white company lights christmas,Candidate: seasonal service intent,Yes,Yes,No,No,No,No,No,No,white company lights christmas,USD,, --, --,Unknown,,,,,,,,,,,,,,,,,,,,,,,,,,,,,,,,
GKP-HL-1153,white company xmas lights,white company xmas lights,Candidate: seasonal service intent,Yes,Yes,No,No,No,No,No,No,white company xmas lights,USD,, --, --,Unknown,,,,,,,,,,,,,,,,,,,,,,,,,,,,,,,,
GKP-HL-1154,winchester pine artificial christmas tree,winchester pine artificial christmas tree,Review: seasonal but ambiguous intent,Yes,No,No,No,No,No,No,No,winchester pine artificial christmas tree,USD,50,0%,0%,Unknown,,,,,,,,,,,,,,,,,,,,,,,,,,,,,,,,
GKP-HL-1155,xmas light decorators,xmas light decorators,Candidate: seasonal service intent,Yes,Yes,No,No,No,No,No,No,xmas light decorators,USD,50,0%,0%,Unknown,,,,,,,,,,,,,,,,,,,,,,,,,,,,,,,,
